Plot Title: Blank12,,
#,"Date Time, GMT-07:00","Temp, °C (LGR S/N: 10597827, SEN S/N: 10597827)"
1,5/11/2022 12:00,29.053
2,5/11/2022 13:00,26.781
3,5/11/2022 14:00,21.569
4,5/11/2022 15:00,20.424
5,5/11/2022 16:00,20.996
6,5/11/2022 17:00,21.569
7,5/11/2022 18:00,18.711
8,5/11/2022 19:00,14.996
9,5/11/2022 20:00,12.98
10,5/11/2022 21:00,11.722
11,5/11/2022 22:00,11.139
12,5/11/2022 23:00,10.748
13,5/12/2022 0:00,10.651
14,5/12/2022 1:00,10.553
15,5/12/2022 2:00,10.259
16,5/12/2022 3:00,10.063
17,5/12/2022 4:00,9.866
18,5/12/2022 5:00,9.768
19,5/12/2022 6:00,9.965
20,5/12/2022 7:00,12.497
21,5/12/2022 8:00,20.71
22,5/12/2022 9:00,20.996
23,5/12/2022 10:00,23.292
24,5/12/2022 11:00,28.258
25,5/12/2022 12:00,29.252
26,5/12/2022 12:51,
27,5/12/2022 12:51,
28,5/12/2022 12:52,
29,5/12/2022 12:52,
30,5/12/2022 12:52,
31,5/12/2022 12:53,
32,5/12/2022 12:53,
33,5/12/2022 12:53,
34,5/12/2022 12:53,
35,5/12/2022 12:53,
36,5/12/2022 12:53,
37,5/12/2022 12:53,
38,5/12/2022 12:53,
39,5/12/2022 12:54,
40,5/12/2022 12:54,
41,5/12/2022 12:55,
42,5/12/2022 12:55,
43,5/12/2022 12:55,
44,5/12/2022 12:55,
45,5/12/2022 12:55,
46,5/12/2022 12:56,
47,5/12/2022 12:56,
48,5/12/2022 12:56,
49,5/12/2022 12:56,
50,5/12/2022 12:56,
51,5/12/2022 12:57,
52,5/12/2022 12:57,
53,5/12/2022 12:57,
54,5/12/2022 12:57,
55,5/12/2022 12:58,
56,5/12/2022 12:58,
57,5/12/2022 12:58,
58,5/12/2022 12:58,
59,5/12/2022 12:59,
60,5/12/2022 12:59,
61,5/12/2022 12:59,
62,5/12/2022 13:00,28.953
63,5/12/2022 13:00,
64,5/12/2022 13:00,
65,5/12/2022 13:01,
66,5/12/2022 13:01,
67,5/12/2022 13:02,
68,5/12/2022 14:00,20.329
69,5/12/2022 15:00,24.738
70,5/12/2022 16:00,24.738
71,5/12/2022 17:00,24.255
72,5/12/2022 18:00,20.234
73,5/12/2022 19:00,16.237
74,5/12/2022 20:00,14.804
75,5/12/2022 21:00,13.461
76,5/12/2022 22:00,12.11
77,5/12/2022 23:00,11.819
78,5/13/2022 0:00,11.334
79,5/13/2022 1:00,11.041
80,5/13/2022 2:00,10.846
81,5/13/2022 3:00,10.651
82,5/13/2022 4:00,10.455
83,5/13/2022 5:00,10.357
84,5/13/2022 6:00,10.553
85,5/13/2022 7:00,13.269
86,5/13/2022 8:00,22.046
87,5/13/2022 9:00,23.004
88,5/13/2022 10:00,25.513
89,5/13/2022 11:00,29.352
90,5/13/2022 12:00,29.652
91,5/13/2022 13:00,28.655
92,5/13/2022 14:00,20.615
93,5/13/2022 15:00,24.545
94,5/13/2022 16:00,24.641
95,5/13/2022 17:00,24.738
96,5/13/2022 18:00,21.664
97,5/13/2022 19:00,17.284
98,5/13/2022 20:00,16.332
99,5/13/2022 21:00,15.091
100,5/13/2022 22:00,13.558
101,5/13/2022 23:00,12.497
102,5/14/2022 0:00,12.013
103,5/14/2022 1:00,11.819
104,5/14/2022 2:00,11.625
105,5/14/2022 3:00,11.528
106,5/14/2022 4:00,11.334
107,5/14/2022 5:00,11.236
108,5/14/2022 6:00,11.334
109,5/14/2022 7:00,14.9
110,5/14/2022 8:00,25.222
111,5/14/2022 9:00,26.879
112,5/14/2022 10:00,29.352
113,5/14/2022 11:00,28.357
114,5/14/2022 12:00,30.054
115,5/14/2022 13:00,29.152
116,5/14/2022 14:00,21.569
117,5/14/2022 15:00,24.931
118,5/14/2022 16:00,25.222
119,5/14/2022 17:00,24.448
120,5/14/2022 18:00,21.664
121,5/14/2022 19:00,17.379
122,5/14/2022 20:00,16.237
123,5/14/2022 21:00,15.187
124,5/14/2022 22:00,14.134
125,5/14/2022 23:00,13.076
126,5/15/2022 0:00,12.304
127,5/15/2022 1:00,12.207
128,5/15/2022 2:00,11.819
129,5/15/2022 3:00,11.722
130,5/15/2022 4:00,11.722
131,5/15/2022 5:00,11.722
132,5/15/2022 6:00,12.013
133,5/15/2022 7:00,15.569
134,5/15/2022 8:00,24.641
135,5/15/2022 9:00,24.931
136,5/15/2022 10:00,27.468
137,5/15/2022 11:00,31.574
138,5/15/2022 12:00,31.574
139,5/15/2022 13:00,32.086
140,5/15/2022 14:00,23.484
141,5/15/2022 15:00,27.468
142,5/15/2022 16:00,29.853
143,5/15/2022 17:00,24.545
144,5/15/2022 18:00,21.76
145,5/15/2022 19:00,18.14
146,5/15/2022 20:00,16.713
147,5/15/2022 21:00,14.804
148,5/15/2022 22:00,14.996
149,5/15/2022 23:00,14.804
150,5/16/2022 0:00,14.613
151,5/16/2022 1:00,14.421
152,5/16/2022 2:00,13.942
153,5/16/2022 3:00,13.076
154,5/16/2022 4:00,12.401
155,5/16/2022 5:00,12.207
156,5/16/2022 6:00,12.401
157,5/16/2022 7:00,16.523
158,5/16/2022 8:00,27.173
159,5/16/2022 9:00,29.053
160,5/16/2022 10:00,27.272
161,5/16/2022 11:00,29.152
162,5/16/2022 12:00,30.356
163,5/16/2022 13:00,29.552
164,5/16/2022 14:00,21.378
165,5/16/2022 15:00,22.908
166,5/16/2022 16:00,25.222
167,5/16/2022 17:00,24.641
168,5/16/2022 18:00,21.951
169,5/16/2022 19:00,17.57
170,5/16/2022 20:00,15.951
171,5/16/2022 21:00,14.517
172,5/16/2022 22:00,14.23
173,5/16/2022 23:00,13.654
174,5/17/2022 0:00,12.883
175,5/17/2022 1:00,12.11
176,5/17/2022 2:00,11.916
177,5/17/2022 3:00,11.819
178,5/17/2022 4:00,11.819
179,5/17/2022 5:00,11.722
180,5/17/2022 6:00,12.207
181,5/17/2022 7:00,16.046
182,5/17/2022 8:00,24.641
183,5/17/2022 9:00,25.902
184,5/17/2022 10:00,23.196
185,5/17/2022 11:00,28.754
186,5/17/2022 12:00,30.558
187,5/17/2022 13:00,29.252
188,5/17/2022 14:00,21.569
189,5/17/2022 15:00,23.004
190,5/17/2022 16:00,25.513
191,5/17/2022 17:00,25.125
192,5/17/2022 18:00,22.525
193,5/17/2022 19:00,18.236
194,5/17/2022 20:00,16.523
195,5/17/2022 21:00,14.996
196,5/17/2022 22:00,14.517
197,5/17/2022 23:00,14.038
198,5/18/2022 0:00,13.461
199,5/18/2022 1:00,12.69
200,5/18/2022 2:00,12.11
201,5/18/2022 3:00,12.11
202,5/18/2022 4:00,11.916
203,5/18/2022 5:00,11.819
204,5/18/2022 6:00,12.11
205,5/18/2022 7:00,15.664
206,5/18/2022 8:00,23.677
207,5/18/2022 9:00,25.222
208,5/18/2022 10:00,28.06
209,5/18/2022 11:00,28.456
210,5/18/2022 12:00,30.154
211,5/18/2022 13:00,29.152
212,5/18/2022 14:00,23.1
213,5/18/2022 15:00,23.869
214,5/18/2022 16:00,25.416
215,5/18/2022 17:00,24.835
216,5/18/2022 18:00,22.525
217,5/18/2022 19:00,18.236
218,5/18/2022 20:00,16.713
219,5/18/2022 21:00,14.996
220,5/18/2022 22:00,14.804
221,5/18/2022 23:00,14.421
222,5/19/2022 0:00,13.846
223,5/19/2022 1:00,13.173
224,5/19/2022 2:00,12.497
225,5/19/2022 3:00,12.013
226,5/19/2022 4:00,12.013
227,5/19/2022 5:00,12.013
228,5/19/2022 6:00,12.207
229,5/19/2022 7:00,15.76
230,5/19/2022 8:00,24.062
231,5/19/2022 9:00,25.61
232,5/19/2022 10:00,29.152
233,5/19/2022 11:00,29.352
234,5/19/2022 12:00,30.558
235,5/19/2022 13:00,29.452
236,5/19/2022 14:00,22.238
237,5/19/2022 15:00,22.717
238,5/19/2022 16:00,23.196
239,5/19/2022 17:00,21.855
240,5/19/2022 18:00,19.472
241,5/19/2022 19:00,16.808
242,5/19/2022 20:00,15.473
243,5/19/2022 21:00,14.23
244,5/19/2022 22:00,13.365
245,5/19/2022 23:00,13.076
246,5/20/2022 0:00,12.98
247,5/20/2022 1:00,12.98
248,5/20/2022 2:00,12.497
249,5/20/2022 3:00,12.013
250,5/20/2022 4:00,11.819
251,5/20/2022 5:00,11.528
252,5/20/2022 6:00,11.819
253,5/20/2022 7:00,15.187
254,5/20/2022 8:00,24.255
255,5/20/2022 9:00,24.835
256,5/20/2022 10:00,29.252
257,5/20/2022 11:00,29.452
258,5/20/2022 12:00,32.086
259,5/20/2022 13:00,31.064
260,5/20/2022 14:00,21.664
261,5/20/2022 15:00,24.351
262,5/20/2022 16:00,27.961
263,5/20/2022 17:00,26
264,5/20/2022 18:00,22.717
265,5/20/2022 19:00,17.665
266,5/20/2022 20:00,15.951
267,5/20/2022 21:00,14.804
268,5/20/2022 22:00,14.421
269,5/20/2022 23:00,14.038
270,5/21/2022 0:00,14.134
271,5/21/2022 1:00,13.942
272,5/21/2022 2:00,13.269
273,5/21/2022 3:00,12.594
274,5/21/2022 4:00,12.497
275,5/21/2022 5:00,12.787
276,5/21/2022 6:00,13.076
277,5/21/2022 7:00,16.903
278,5/21/2022 8:00,24.545
279,5/21/2022 9:00,20.519
280,5/21/2022 10:00,27.665
281,5/21/2022 11:00,27.665
282,5/21/2022 12:00,31.166
283,5/21/2022 13:00,29.252
284,5/21/2022 14:00,21.855
285,5/21/2022 15:00,23.484
286,5/21/2022 16:00,25.61
287,5/21/2022 17:00,25.222
288,5/21/2022 18:00,22.812
289,5/21/2022 19:00,17.855
290,5/21/2022 20:00,15.951
291,5/21/2022 21:00,14.709
292,5/21/2022 22:00,14.23
293,5/21/2022 23:00,13.942
294,5/22/2022 0:00,13.558
295,5/22/2022 1:00,13.076
296,5/22/2022 2:00,12.497
297,5/22/2022 3:00,12.11
298,5/22/2022 4:00,12.013
299,5/22/2022 5:00,11.819
300,5/22/2022 6:00,12.207
301,5/22/2022 7:00,16.046
302,5/22/2022 8:00,24.062
303,5/22/2022 9:00,25.805
304,5/22/2022 10:00,29.652
305,5/22/2022 11:00,28.655
306,5/22/2022 12:00,31.37
307,5/22/2022 13:00,30.255
308,5/22/2022 14:00,21.378
309,5/22/2022 15:00,23.677
310,5/22/2022 16:00,24.351
311,5/22/2022 17:00,24.545
312,5/22/2022 18:00,22.812
313,5/22/2022 19:00,17.76
314,5/22/2022 20:00,16.046
315,5/22/2022 21:00,14.804
316,5/22/2022 22:00,13.846
317,5/22/2022 23:00,14.038
318,5/23/2022 0:00,13.942
319,5/23/2022 1:00,13.558
320,5/23/2022 2:00,13.173
321,5/23/2022 3:00,12.594
322,5/23/2022 4:00,12.304
323,5/23/2022 5:00,12.11
324,5/23/2022 6:00,12.497
325,5/23/2022 7:00,16.046
326,5/23/2022 8:00,24.835
327,5/23/2022 9:00,26.097
328,5/23/2022 10:00,30.154
329,5/23/2022 11:00,29.252
330,5/23/2022 12:00,28.754
331,5/23/2022 13:00,21.855
332,5/23/2022 14:00,20.519
333,5/23/2022 15:00,20.138
334,5/23/2022 16:00,17.855
335,5/23/2022 17:00,17.76
336,5/23/2022 18:00,18.331
337,5/23/2022 19:00,16.713
338,5/23/2022 20:00,15.855
339,5/23/2022 21:00,14.9
340,5/23/2022 22:00,13.942
341,5/23/2022 23:00,13.076
342,5/24/2022 0:00,12.401
343,5/24/2022 1:00,12.013
344,5/24/2022 2:00,11.722
345,5/24/2022 3:00,11.625
346,5/24/2022 4:00,11.528
347,5/24/2022 5:00,11.431
348,5/24/2022 6:00,11.819
349,5/24/2022 7:00,15.569
350,5/24/2022 8:00,24.158
351,5/24/2022 9:00,23.966
352,5/24/2022 10:00,28.258
353,5/24/2022 11:00,27.468
354,5/24/2022 12:00,30.862
355,5/24/2022 13:00,28.853
356,5/24/2022 14:00,20.519
357,5/24/2022 15:00,23.388
358,5/24/2022 16:00,25.513
359,5/24/2022 17:00,24.448
360,5/24/2022 18:00,22.238
361,5/24/2022 19:00,17.665
362,5/24/2022 20:00,16.237
363,5/24/2022 21:00,14.996
364,5/24/2022 22:00,14.23
365,5/24/2022 23:00,13.942
366,5/25/2022 0:00,13.269
367,5/25/2022 1:00,12.401
368,5/25/2022 2:00,12.013
369,5/25/2022 3:00,11.722
370,5/25/2022 4:00,11.722
371,5/25/2022 5:00,11.722
372,5/25/2022 6:00,12.11
373,5/25/2022 7:00,15.091
374,5/25/2022 8:00,22.429
375,5/25/2022 9:00,23.004
376,5/25/2022 10:00,27.272
377,5/25/2022 11:00,26.292
378,5/25/2022 12:00,28.754
379,5/25/2022 13:00,28.258
380,5/25/2022 14:00,23.388
381,5/25/2022 15:00,23.966
382,5/25/2022 16:00,23.484
383,5/25/2022 17:00,24.738
384,5/25/2022 18:00,22.333
385,5/25/2022 19:00,18.426
386,5/25/2022 20:00,17.76
387,5/25/2022 21:00,16.713
388,5/25/2022 22:00,15.76
389,5/25/2022 23:00,14.709
390,5/26/2022 0:00,13.846
391,5/26/2022 1:00,12.883
392,5/26/2022 2:00,12.207
393,5/26/2022 3:00,11.916
394,5/26/2022 4:00,11.722
395,5/26/2022 5:00,11.722
396,5/26/2022 6:00,12.11
397,5/26/2022 7:00,14.134
398,5/26/2022 8:00,22.046
399,5/26/2022 9:00,23.388
400,5/26/2022 10:00,28.456
401,5/26/2022 11:00,28.06
402,5/26/2022 12:00,30.862
403,5/26/2022 13:00,29.953
404,5/26/2022 14:00,22.429
405,5/26/2022 15:00,25.028
406,5/26/2022 16:00,26
407,5/26/2022 17:00,25.319
408,5/26/2022 18:00,22.717
409,5/26/2022 19:00,18.711
410,5/26/2022 20:00,16.618
411,5/26/2022 21:00,16.237
412,5/26/2022 22:00,15.951
413,5/26/2022 23:00,14.613
414,5/27/2022 0:00,14.134
415,5/27/2022 1:00,13.558
416,5/27/2022 2:00,12.98
417,5/27/2022 3:00,12.497
418,5/27/2022 4:00,12.207
419,5/27/2022 5:00,11.916
420,5/27/2022 6:00,12.013
421,5/27/2022 7:00,14.23
422,5/27/2022 8:00,23.581
423,5/27/2022 9:00,24.835
424,5/27/2022 10:00,29.452
425,5/27/2022 11:00,27.665
426,5/27/2022 12:00,29.953
427,5/27/2022 13:00,29.053
428,5/27/2022 14:00,22.333
429,5/27/2022 15:00,25.319
430,5/27/2022 16:00,26.585
431,5/27/2022 17:00,25.513
432,5/27/2022 18:00,21.664
433,5/27/2022 19:00,18.426
434,5/27/2022 20:00,16.713
435,5/27/2022 21:00,16.237
436,5/27/2022 22:00,16.141
437,5/27/2022 23:00,15.282
438,5/28/2022 0:00,14.9
439,5/28/2022 1:00,14.421
440,5/28/2022 2:00,13.846
441,5/28/2022 3:00,12.98
442,5/28/2022 4:00,12.69
443,5/28/2022 5:00,12.787
444,5/28/2022 6:00,13.076
445,5/28/2022 7:00,14.9
446,5/28/2022 8:00,17.094
447,5/28/2022 9:00,19.853
448,5/28/2022 10:00,27.075
449,5/28/2022 11:00,27.764
450,5/28/2022 12:00,29.652
451,5/28/2022 13:00,28.754
452,5/28/2022 14:00,22.621
453,5/28/2022 15:00,24.545
454,5/28/2022 16:00,25.902
455,5/28/2022 17:00,25.61
456,5/28/2022 18:00,23.196
457,5/28/2022 19:00,17.855
458,5/28/2022 20:00,15.855
459,5/28/2022 21:00,15.187
460,5/28/2022 22:00,14.517
461,5/28/2022 23:00,13.75
462,5/29/2022 0:00,13.365
463,5/29/2022 1:00,12.98
464,5/29/2022 2:00,12.401
465,5/29/2022 3:00,12.013
466,5/29/2022 4:00,11.819
467,5/29/2022 5:00,11.819
468,5/29/2022 6:00,12.207
469,5/29/2022 7:00,14.9
470,5/29/2022 8:00,23.869
471,5/29/2022 9:00,26.097
472,5/29/2022 10:00,29.452
473,5/29/2022 11:00,28.754
474,5/29/2022 12:00,31.778
475,5/29/2022 13:00,30.76
476,5/29/2022 14:00,22.333
477,5/29/2022 15:00,24.931
478,5/29/2022 16:00,26.39
479,5/29/2022 17:00,23.1
480,5/29/2022 18:00,19.377
481,5/29/2022 19:00,17.379
482,5/29/2022 20:00,15.855
483,5/29/2022 21:00,14.804
484,5/29/2022 22:00,13.942
485,5/29/2022 23:00,12.883
486,5/30/2022 0:00,12.207
487,5/30/2022 1:00,12.013
488,5/30/2022 2:00,11.722
489,5/30/2022 3:00,11.722
490,5/30/2022 4:00,11.431
491,5/30/2022 5:00,11.431
492,5/30/2022 6:00,11.916
493,5/30/2022 7:00,14.134
494,5/30/2022 8:00,23.484
495,5/30/2022 9:00,25.222
496,5/30/2022 10:00,27.075
497,5/30/2022 11:00,27.272
498,5/30/2022 12:00,31.268
499,5/30/2022 13:00,30.862
500,5/30/2022 14:00,21.855
501,5/30/2022 15:00,25.416
502,5/30/2022 16:00,27.567
503,5/30/2022 17:00,26.488
504,5/30/2022 18:00,22.908
505,5/30/2022 19:00,17.189
506,5/30/2022 20:00,15.282
507,5/30/2022 21:00,14.23
508,5/30/2022 22:00,14.134
509,5/30/2022 23:00,13.076
510,5/31/2022 0:00,12.207
511,5/31/2022 1:00,11.819
512,5/31/2022 2:00,11.722
513,5/31/2022 3:00,11.431
514,5/31/2022 4:00,11.236
515,5/31/2022 5:00,11.139
516,5/31/2022 6:00,11.528
517,5/31/2022 7:00,14.325
518,5/31/2022 8:00,25.222
519,5/31/2022 9:00,24.448
520,5/31/2022 10:00,29.552
521,5/31/2022 11:00,27.468
522,5/31/2022 12:00,31.88
523,5/31/2022 13:00,31.37
524,5/31/2022 14:00,23.677
525,5/31/2022 15:00,24.255
526,5/31/2022 16:00,25.805
527,5/31/2022 17:00,25.416
528,5/31/2022 18:00,23.004
529,5/31/2022 19:00,18.711
530,5/31/2022 20:00,17.094
531,5/31/2022 21:00,15.76
532,5/31/2022 22:00,14.613
533,5/31/2022 23:00,13.461
534,6/1/2022 0:00,12.401
535,6/1/2022 1:00,12.11
536,6/1/2022 2:00,11.916
537,6/1/2022 3:00,11.625
538,6/1/2022 4:00,11.625
539,6/1/2022 5:00,11.431
540,6/1/2022 6:00,11.722
541,6/1/2022 7:00,14.421
542,6/1/2022 8:00,23.966
543,6/1/2022 9:00,24.255
544,6/1/2022 10:00,30.154
545,6/1/2022 11:00,27.764
546,6/1/2022 12:00,31.983
547,6/1/2022 13:00,32.6
548,6/1/2022 14:00,22.333
549,6/1/2022 15:00,26.488
550,6/1/2022 16:00,29.152
551,6/1/2022 17:00,26.097
552,6/1/2022 18:00,24.062
553,6/1/2022 19:00,18.236
554,6/1/2022 20:00,16.808
555,6/1/2022 21:00,16.237
556,6/1/2022 22:00,15.473
557,6/1/2022 23:00,14.421
558,6/2/2022 0:00,13.365
559,6/2/2022 1:00,12.401
560,6/2/2022 2:00,12.304
561,6/2/2022 3:00,11.916
562,6/2/2022 4:00,11.819
563,6/2/2022 5:00,11.916
564,6/2/2022 6:00,12.013
565,6/2/2022 7:00,15.091
566,6/2/2022 8:00,25.805
567,6/2/2022 9:00,27.468
568,6/2/2022 10:00,29.352
569,6/2/2022 11:00,28.754
570,6/2/2022 12:00,31.472
571,6/2/2022 13:00,31.37
572,6/2/2022 14:00,22.142
573,6/2/2022 15:00,24.158
574,6/2/2022 16:00,26.977
575,6/2/2022 17:00,26.195
576,6/2/2022 18:00,23.677
577,6/2/2022 19:00,18.236
578,6/2/2022 20:00,16.237
579,6/2/2022 21:00,15.664
580,6/2/2022 22:00,14.996
581,6/2/2022 23:00,14.23
582,6/3/2022 0:00,13.365
583,6/3/2022 1:00,12.594
584,6/3/2022 2:00,12.11
585,6/3/2022 3:00,11.722
586,6/3/2022 4:00,11.528
587,6/3/2022 5:00,11.625
588,6/3/2022 6:00,12.11
589,6/3/2022 7:00,14.517
590,6/3/2022 8:00,24.255
591,6/3/2022 9:00,26.585
592,6/3/2022 10:00,29.853
593,6/3/2022 11:00,27.665
594,6/3/2022 12:00,30.457
595,6/3/2022 13:00,30.054
596,6/3/2022 14:00,23.196
597,6/3/2022 15:00,22.333
598,6/3/2022 16:00,22.142
599,6/3/2022 17:00,20.519
600,6/3/2022 18:00,19.377
601,6/3/2022 19:00,17.475
602,6/3/2022 20:00,16.332
603,6/3/2022 21:00,16.141
604,6/3/2022 22:00,15.664
605,6/3/2022 23:00,14.613
606,6/4/2022 0:00,13.654
607,6/4/2022 1:00,12.883
608,6/4/2022 2:00,12.304
609,6/4/2022 3:00,12.013
610,6/4/2022 4:00,11.916
611,6/4/2022 5:00,11.916
612,6/4/2022 6:00,12.401
613,6/4/2022 7:00,14.996
614,6/4/2022 8:00,24.448
615,6/4/2022 9:00,26.488
616,6/4/2022 10:00,26.977
617,6/4/2022 11:00,27.764
618,6/4/2022 12:00,28.06
619,6/4/2022 13:00,31.064
620,6/4/2022 14:00,23.388
621,6/4/2022 15:00,25.61
622,6/4/2022 16:00,28.258
623,6/4/2022 17:00,25.125
624,6/4/2022 18:00,20.805
625,6/4/2022 19:00,18.14
626,6/4/2022 20:00,16.999
627,6/4/2022 21:00,16.523
628,6/4/2022 22:00,16.237
629,6/4/2022 23:00,15.378
630,6/5/2022 0:00,14.996
631,6/5/2022 1:00,14.421
632,6/5/2022 2:00,13.846
633,6/5/2022 3:00,13.365
634,6/5/2022 4:00,12.883
635,6/5/2022 5:00,12.401
636,6/5/2022 6:00,13.269
637,6/5/2022 7:00,15.855
638,6/5/2022 8:00,26.292
639,6/5/2022 9:00,28.258
640,6/5/2022 10:00,32.807
641,6/5/2022 11:00,31.268
642,6/5/2022 12:00,36.079
643,6/5/2022 13:00,29.552
644,6/5/2022 14:00,22.238
645,6/5/2022 15:00,25.222
646,6/5/2022 16:00,27.862
647,6/5/2022 17:00,25.805
648,6/5/2022 18:00,24.158
649,6/5/2022 19:00,19.282
650,6/5/2022 20:00,17.284
651,6/5/2022 21:00,16.713
652,6/5/2022 22:00,16.523
653,6/5/2022 23:00,15.091
654,6/6/2022 0:00,14.9
655,6/6/2022 1:00,14.613
656,6/6/2022 2:00,14.421
657,6/6/2022 3:00,13.846
658,6/6/2022 4:00,13.269
659,6/6/2022 5:00,12.787
660,6/6/2022 6:00,12.98
661,6/6/2022 7:00,15.664
662,6/6/2022 8:00,26
663,6/6/2022 9:00,26.292
664,6/6/2022 10:00,31.676
665,6/6/2022 11:00,28.159
666,6/6/2022 12:00,31.37
667,6/6/2022 13:00,31.983
668,6/6/2022 14:00,23.966
669,6/6/2022 15:00,26.781
670,6/6/2022 16:00,29.053
671,6/6/2022 17:00,27.37
672,6/6/2022 18:00,23.966
673,6/6/2022 19:00,19.853
674,6/6/2022 20:00,17.665
675,6/6/2022 21:00,17.284
676,6/6/2022 22:00,16.808
677,6/6/2022 23:00,15.473
678,6/7/2022 0:00,15.282
679,6/7/2022 1:00,14.804
680,6/7/2022 2:00,14.421
681,6/7/2022 3:00,13.846
682,6/7/2022 4:00,13.269
683,6/7/2022 5:00,12.787
684,6/7/2022 6:00,13.076
685,6/7/2022 7:00,15.855
686,6/7/2022 8:00,26.488
687,6/7/2022 9:00,26.781
688,6/7/2022 10:00,32.807
689,6/7/2022 11:00,29.252
690,6/7/2022 12:00,32.291
691,6/7/2022 13:00,31.472
692,6/7/2022 14:00,23.966
693,6/7/2022 15:00,27.272
694,6/7/2022 16:00,30.154
695,6/7/2022 17:00,28.953
696,6/7/2022 18:00,25.416
697,6/7/2022 19:00,20.329
698,6/7/2022 20:00,17.95
699,6/7/2022 21:00,17.284
700,6/7/2022 22:00,16.618
701,6/7/2022 23:00,14.996
702,6/8/2022 0:00,14.9
703,6/8/2022 1:00,15.091
704,6/8/2022 2:00,14.9
705,6/8/2022 3:00,14.517
706,6/8/2022 4:00,14.038
707,6/8/2022 5:00,13.75
708,6/8/2022 6:00,14.134
709,6/8/2022 7:00,16.903
710,6/8/2022 8:00,25.416
711,6/8/2022 9:00,27.961
712,6/8/2022 10:00,32.394
713,6/8/2022 11:00,30.862
714,6/8/2022 12:00,35.222
715,6/8/2022 13:00,35.756
716,6/8/2022 14:00,25.902
717,6/8/2022 15:00,30.457
718,6/8/2022 16:00,34.374
719,6/8/2022 17:00,27.862
720,6/8/2022 18:00,24.448
721,6/8/2022 19:00,19.758
722,6/8/2022 20:00,17.95
723,6/8/2022 21:00,17.665
724,6/8/2022 22:00,16.713
725,6/8/2022 23:00,14.613
726,6/9/2022 0:00,14.23
727,6/9/2022 1:00,14.421
728,6/9/2022 2:00,14.23
729,6/9/2022 3:00,14.134
730,6/9/2022 4:00,13.846
731,6/9/2022 5:00,13.461
732,6/9/2022 6:00,14.038
733,6/9/2022 7:00,16.999
734,6/9/2022 8:00,28.06
735,6/9/2022 9:00,28.258
736,6/9/2022 10:00,34.903
737,6/9/2022 11:00,33.743
738,6/9/2022 12:00,37.935
739,6/9/2022 13:00,33.639
740,6/9/2022 14:00,24.835
741,6/9/2022 15:00,25.708
742,6/9/2022 16:00,30.862
743,6/9/2022 17:00,32.188
744,6/9/2022 18:00,27.665
745,6/9/2022 19:00,21.282
746,6/9/2022 20:00,18.901
747,6/9/2022 21:00,18.045
748,6/9/2022 22:00,17.094
749,6/9/2022 23:00,15.664
750,6/10/2022 0:00,15.473
751,6/10/2022 1:00,15.473
752,6/10/2022 2:00,15.569
753,6/10/2022 3:00,15.855
754,6/10/2022 4:00,15.76
755,6/10/2022 5:00,15.378
756,6/10/2022 6:00,16.046
757,6/10/2022 7:00,18.236
758,6/10/2022 8:00,27.665
759,6/10/2022 8:51,
760,6/10/2022 8:52,
761,6/10/2022 8:52,
762,6/10/2022 8:54,
763,6/10/2022 8:54,
764,6/10/2022 8:55,
765,6/10/2022 8:55,
766,6/10/2022 8:55,
767,6/10/2022 9:00,27.567
768,6/10/2022 9:01,
769,6/10/2022 9:04,
770,6/10/2022 9:05,
771,6/10/2022 9:05,
772,6/10/2022 9:05,
773,6/10/2022 9:05,
774,6/10/2022 9:06,
775,6/10/2022 9:06,
776,6/10/2022 9:06,
777,6/10/2022 9:08,
778,6/10/2022 9:10,
779,6/10/2022 10:00,31.778
780,6/10/2022 11:00,33.014
781,6/10/2022 12:00,28.754
782,6/10/2022 13:00,26.097
783,6/10/2022 14:00,27.37
784,6/10/2022 15:00,23.869
785,6/10/2022 16:00,19.853
786,6/10/2022 17:00,19.187
787,6/10/2022 18:00,18.14
788,6/10/2022 19:00,17.855
789,6/10/2022 20:00,17.379
790,6/10/2022 21:00,17.665
791,6/10/2022 22:00,17.284
792,6/10/2022 23:00,15.951
793,6/11/2022 0:00,15.664
794,6/11/2022 1:00,15.378
795,6/11/2022 2:00,15.282
796,6/11/2022 3:00,15.187
797,6/11/2022 4:00,14.804
798,6/11/2022 5:00,14.709
799,6/11/2022 6:00,15.187
800,6/11/2022 7:00,17.094
801,6/11/2022 8:00,26.683
802,6/11/2022 9:00,25.319
803,6/11/2022 10:00,30.356
804,6/11/2022 11:00,30.356
805,6/11/2022 12:00,34.163
806,6/11/2022 13:00,35.435
807,6/11/2022 14:00,32.807
808,6/11/2022 15:00,35.649
809,6/11/2022 16:00,38.157
810,6/11/2022 17:00,37.165
811,6/11/2022 18:00,26.488
812,6/11/2022 19:00,21.76
813,6/11/2022 20:00,19.377
814,6/11/2022 21:00,18.14
815,6/11/2022 22:00,17.094
816,6/11/2022 23:00,16.046
817,6/12/2022 0:00,14.804
818,6/12/2022 1:00,14.23
819,6/12/2022 2:00,14.421
820,6/12/2022 3:00,14.613
821,6/12/2022 4:00,14.517
822,6/12/2022 5:00,14.134
823,6/12/2022 6:00,14.613
824,6/12/2022 7:00,17.189
825,6/12/2022 8:00,28.357
826,6/12/2022 9:00,27.173
827,6/12/2022 10:00,31.88
828,6/12/2022 11:00,32.291
829,6/12/2022 12:00,35.115
830,6/12/2022 13:00,37.165
831,6/12/2022 14:00,33.222
832,6/12/2022 15:00,33.743
833,6/12/2022 16:00,38.49
834,6/12/2022 17:00,31.778
835,6/12/2022 18:00,27.075
836,6/12/2022 19:00,21.951
837,6/12/2022 20:00,19.377
838,6/12/2022 21:00,18.045
839,6/12/2022 22:00,17.189
840,6/12/2022 23:00,16.618
841,6/13/2022 0:00,16.237
842,6/13/2022 1:00,15.76
843,6/13/2022 2:00,15.473
844,6/13/2022 3:00,15.378
845,6/13/2022 4:00,15.282
846,6/13/2022 5:00,14.804
847,6/13/2022 6:00,15.091
848,6/13/2022 7:00,18.331
849,6/13/2022 8:00,30.255
850,6/13/2022 9:00,29.152
851,6/13/2022 10:00,38.379
852,6/13/2022 11:00,39.843
853,6/13/2022 12:00,43.844
854,6/13/2022 13:00,45.577
855,6/13/2022 14:00,30.862
856,6/13/2022 15:00,32.394
857,6/13/2022 16:00,39.729
858,6/13/2022 17:00,38.046
859,6/13/2022 18:00,33.118
860,6/13/2022 19:00,21.378
861,6/13/2022 20:00,17.665
862,6/13/2022 21:00,16.141
863,6/13/2022 22:00,15.473
864,6/13/2022 23:00,13.942
865,6/14/2022 0:00,13.558
866,6/14/2022 1:00,14.134
867,6/14/2022 2:00,13.942
868,6/14/2022 3:00,13.654
869,6/14/2022 4:00,13.173
870,6/14/2022 5:00,13.076
871,6/14/2022 6:00,13.365
872,6/14/2022 7:00,15.569
873,6/14/2022 8:00,26.292
874,6/14/2022 9:00,27.173
875,6/14/2022 10:00,30.76
876,6/14/2022 11:00,31.472
877,6/14/2022 12:00,34.058
878,6/14/2022 13:00,35.756
879,6/14/2022 14:00,31.472
880,6/14/2022 15:00,32.188
881,6/14/2022 16:00,37.274
882,6/14/2022 17:00,36.511
883,6/14/2022 18:00,31.88
884,6/14/2022 19:00,24.545
885,6/14/2022 20:00,20.424
886,6/14/2022 21:00,18.14
887,6/14/2022 22:00,16.618
888,6/14/2022 23:00,14.804
889,6/15/2022 0:00,14.804
890,6/15/2022 1:00,14.517
891,6/15/2022 2:00,13.942
892,6/15/2022 3:00,13.269
893,6/15/2022 4:00,12.883
894,6/15/2022 5:00,12.497
895,6/15/2022 6:00,12.594
896,6/15/2022 7:00,15.282
897,6/15/2022 8:00,25.319
898,6/15/2022 9:00,25.708
899,6/15/2022 10:00,29.652
900,6/15/2022 11:00,31.37
901,6/15/2022 12:00,34.163
902,6/15/2022 13:00,34.268
903,6/15/2022 14:00,30.659
904,6/15/2022 15:00,30.963
905,6/15/2022 16:00,36.079
906,6/15/2022 17:00,35.649
907,6/15/2022 18:00,31.983
908,6/15/2022 19:00,25.416
909,6/15/2022 20:00,21.282
910,6/15/2022 21:00,17.95
911,6/15/2022 22:00,16.427
912,6/15/2022 23:00,14.996
913,6/16/2022 0:00,14.804
914,6/16/2022 1:00,14.517
915,6/16/2022 2:00,14.038
916,6/16/2022 3:00,13.558
917,6/16/2022 4:00,13.076
918,6/16/2022 5:00,12.497
919,6/16/2022 6:00,12.883
920,6/16/2022 7:00,16.237
921,6/16/2022 8:00,29.252
922,6/16/2022 9:00,28.258
923,6/16/2022 10:00,34.268
924,6/16/2022 11:00,32.394
925,6/16/2022 12:00,34.268
926,6/16/2022 13:00,35.971
927,6/16/2022 14:00,31.778
928,6/16/2022 15:00,31.88
929,6/16/2022 16:00,32.394
930,6/16/2022 17:00,31.676
931,6/16/2022 18:00,28.258
932,6/16/2022 19:00,22.908
933,6/16/2022 20:00,19.948
934,6/16/2022 21:00,17.665
935,6/16/2022 22:00,16.523
936,6/16/2022 23:00,15.569
937,6/17/2022 0:00,14.709
938,6/17/2022 1:00,14.325
939,6/17/2022 2:00,14.421
940,6/17/2022 3:00,14.613
941,6/17/2022 4:00,14.613
942,6/17/2022 5:00,14.709
943,6/17/2022 6:00,14.9
944,6/17/2022 7:00,16.713
945,6/17/2022 8:00,21.855
946,6/17/2022 9:00,25.416
947,6/17/2022 10:00,30.356
948,6/17/2022 11:00,32.086
949,6/17/2022 12:00,33.743
950,6/17/2022 13:00,35.328
951,6/17/2022 14:00,28.953
952,6/17/2022 15:00,27.862
953,6/17/2022 16:00,33.639
954,6/17/2022 17:00,27.665
955,6/17/2022 18:00,23.196
956,6/17/2022 19:00,18.806
957,6/17/2022 20:00,16.808
958,6/17/2022 21:00,16.999
959,6/17/2022 22:00,16.523
960,6/17/2022 23:00,15.378
961,6/18/2022 0:00,14.996
962,6/18/2022 1:00,14.804
963,6/18/2022 2:00,15.187
964,6/18/2022 3:00,15.282
965,6/18/2022 4:00,14.996
966,6/18/2022 5:00,14.613
967,6/18/2022 6:00,14.709
968,6/18/2022 7:00,16.999
969,6/18/2022 8:00,25.222
970,6/18/2022 9:00,27.075
971,6/18/2022 10:00,27.37
972,6/18/2022 11:00,24.351
973,6/18/2022 12:00,23.677
974,6/18/2022 13:00,24.641
975,6/18/2022 14:00,23.966
976,6/18/2022 15:00,21.951
977,6/18/2022 16:00,23.581
978,6/18/2022 17:00,23.388
979,6/18/2022 18:00,21.473
980,6/18/2022 19:00,19.662
981,6/18/2022 20:00,18.616
982,6/18/2022 21:00,17.57
983,6/18/2022 22:00,16.903
984,6/18/2022 23:00,16.141
985,6/19/2022 0:00,15.855
986,6/19/2022 1:00,15.855
987,6/19/2022 2:00,15.378
988,6/19/2022 3:00,14.996
989,6/19/2022 4:00,14.804
990,6/19/2022 5:00,14.996
991,6/19/2022 6:00,15.282
992,6/19/2022 7:00,16.237
993,6/19/2022 8:00,24.641
994,6/19/2022 9:00,26.292
995,6/19/2022 10:00,29.552
996,6/19/2022 11:00,30.154
997,6/19/2022 12:00,29.452
998,6/19/2022 13:00,30.659
999,6/19/2022 14:00,21.76
1000,6/19/2022 15:00,22.717
1001,6/19/2022 16:00,26.39
1002,6/19/2022 17:00,26.585
1003,6/19/2022 18:00,23.292
1004,6/19/2022 19:00,17.95
1005,6/19/2022 20:00,15.664
1006,6/19/2022 21:00,15.187
1007,6/19/2022 22:00,14.517
1008,6/19/2022 23:00,13.558
1009,6/20/2022 0:00,12.401
1010,6/20/2022 1:00,12.013
1011,6/20/2022 2:00,11.722
1012,6/20/2022 3:00,11.528
1013,6/20/2022 4:00,11.236
1014,6/20/2022 5:00,11.139
1015,6/20/2022 6:00,11.431
1016,6/20/2022 7:00,13.846
1017,6/20/2022 8:00,23.484
1018,6/20/2022 9:00,25.222
1019,6/20/2022 10:00,30.659
1020,6/20/2022 11:00,29.252
1021,6/20/2022 12:00,29.352
1022,6/20/2022 13:00,29.953
1023,6/20/2022 14:00,21.664
1024,6/20/2022 15:00,23.196
1025,6/20/2022 16:00,27.567
1026,6/20/2022 17:00,26.488
1027,6/20/2022 18:00,23.388
1028,6/20/2022 19:00,18.045
1029,6/20/2022 20:00,16.618
1030,6/20/2022 21:00,16.427
1031,6/20/2022 22:00,15.664
1032,6/20/2022 23:00,14.804
1033,6/21/2022 0:00,13.942
1034,6/21/2022 1:00,12.98
1035,6/21/2022 2:00,12.304
1036,6/21/2022 3:00,12.013
1037,6/21/2022 4:00,11.819
1038,6/21/2022 5:00,11.722
1039,6/21/2022 6:00,12.013
1040,6/21/2022 7:00,14.517
1041,6/21/2022 8:00,24.448
1042,6/21/2022 9:00,26.292
1043,6/21/2022 10:00,32.086
1044,6/21/2022 11:00,30.862
1045,6/21/2022 12:00,30.659
1046,6/21/2022 13:00,31.778
1047,6/21/2022 14:00,23.388
1048,6/21/2022 15:00,23.484
1049,6/21/2022 16:00,29.252
1050,6/21/2022 17:00,23.484
1051,6/21/2022 18:00,20.71
1052,6/21/2022 19:00,17.855
1053,6/21/2022 20:00,16.808
1054,6/21/2022 21:00,16.618
1055,6/21/2022 22:00,16.046
1056,6/21/2022 23:00,14.9
1057,6/22/2022 0:00,14.517
1058,6/22/2022 1:00,14.421
1059,6/22/2022 2:00,14.517
1060,6/22/2022 3:00,14.709
1061,6/22/2022 4:00,14.804
1062,6/22/2022 5:00,14.9
1063,6/22/2022 6:00,15.091
1064,6/22/2022 7:00,17.094
1065,6/22/2022 8:00,23.773
1066,6/22/2022 9:00,25.708
1067,6/22/2022 10:00,28.754
1068,6/22/2022 11:00,27.764
1069,6/22/2022 12:00,24.835
1070,6/22/2022 13:00,23.196
1071,6/22/2022 14:00,21.951
1072,6/22/2022 15:00,21.569
1073,6/22/2022 16:00,20.519
1074,6/22/2022 17:00,19.377
1075,6/22/2022 18:00,21.473
1076,6/22/2022 19:00,18.806
1077,6/22/2022 20:00,18.045
1078,6/22/2022 21:00,17.475
1079,6/22/2022 22:00,16.808
1080,6/22/2022 23:00,15.855
1081,6/23/2022 0:00,15.091
1082,6/23/2022 1:00,14.421
1083,6/23/2022 2:00,13.75
1084,6/23/2022 3:00,13.076
1085,6/23/2022 4:00,12.594
1086,6/23/2022 5:00,12.304
1087,6/23/2022 6:00,12.883
1088,6/23/2022 7:00,15.664
1089,6/23/2022 8:00,26.879
1090,6/23/2022 9:00,29.053
1091,6/23/2022 10:00,32.6
1092,6/23/2022 11:00,30.054
1093,6/23/2022 12:00,31.778
1094,6/23/2022 13:00,20.901
1095,6/23/2022 14:00,20.043
1096,6/23/2022 15:00,17.76
1097,6/23/2022 16:00,20.424
1098,6/23/2022 17:00,19.472
1099,6/23/2022 18:00,22.812
1100,6/23/2022 19:00,19.853
1101,6/23/2022 20:00,18.711
1102,6/23/2022 21:00,18.045
1103,6/23/2022 22:00,17.284
1104,6/23/2022 23:00,16.427
1105,6/24/2022 0:00,15.855
1106,6/24/2022 1:00,15.569
1107,6/24/2022 2:00,15.378
1108,6/24/2022 3:00,15.091
1109,6/24/2022 4:00,14.709
1110,6/24/2022 5:00,14.613
1111,6/24/2022 6:00,14.996
1112,6/24/2022 7:00,16.046
1113,6/24/2022 8:00,19.472
1114,6/24/2022 9:00,22.621
1115,6/24/2022 10:00,28.655
1116,6/24/2022 11:00,30.659
1117,6/24/2022 12:00,29.053
1118,6/24/2022 13:00,30.659
1119,6/24/2022 14:00,25.416
1120,6/24/2022 15:00,24.448
1121,6/24/2022 16:00,23.292
1122,6/24/2022 17:00,20.615
1123,6/24/2022 18:00,19.758
1124,6/24/2022 19:00,19.092
1125,6/24/2022 20:00,17.95
1126,6/24/2022 21:00,17.379
1127,6/24/2022 22:00,17.284
1128,6/24/2022 23:00,16.903
1129,6/25/2022 0:00,16.523
1130,6/25/2022 1:00,16.046
1131,6/25/2022 2:00,15.76
1132,6/25/2022 3:00,15.569
1133,6/25/2022 4:00,15.473
1134,6/25/2022 5:00,15.091
1135,6/25/2022 6:00,15.282
1136,6/25/2022 7:00,17.665
1137,6/25/2022 8:00,26.195
1138,6/25/2022 9:00,25.902
1139,6/25/2022 10:00,29.552
1140,6/25/2022 11:00,28.754
1141,6/25/2022 12:00,24.835
1142,6/25/2022 13:00,20.519
1143,6/25/2022 14:00,20.615
1144,6/25/2022 15:00,20.615
1145,6/25/2022 16:00,27.764
1146,6/25/2022 17:00,25.708
1147,6/25/2022 18:00,22.046
1148,6/25/2022 19:00,19.758
1149,6/25/2022 20:00,19.187
1150,6/25/2022 21:00,18.426
1151,6/25/2022 22:00,17.665
1152,6/25/2022 23:00,17.094
1153,6/26/2022 0:00,16.237
1154,6/26/2022 1:00,15.473
1155,6/26/2022 2:00,14.804
1156,6/26/2022 3:00,14.804
1157,6/26/2022 4:00,14.996
1158,6/26/2022 5:00,14.613
1159,6/26/2022 6:00,14.996
1160,6/26/2022 7:00,17.379
1161,6/26/2022 8:00,21.187
1162,6/26/2022 9:00,24.062
1163,6/26/2022 10:00,27.468
1164,6/26/2022 11:00,30.76
1165,6/26/2022 12:00,25.513
1166,6/26/2022 13:00,21.091
1167,6/26/2022 14:00,19.567
1168,6/26/2022 15:00,24.545
1169,6/26/2022 16:00,28.06
1170,6/26/2022 17:00,23.484
1171,6/26/2022 18:00,21.664
1172,6/26/2022 19:00,20.234
1173,6/26/2022 20:00,19.092
1174,6/26/2022 21:00,18.331
1175,6/26/2022 22:00,17.57
1176,6/26/2022 23:00,16.903
1177,6/27/2022 0:00,16.237
1178,6/27/2022 1:00,15.378
1179,6/27/2022 2:00,14.996
1180,6/27/2022 3:00,14.804
1181,6/27/2022 4:00,14.613
1182,6/27/2022 5:00,14.517
1183,6/27/2022 6:00,14.804
1184,6/27/2022 7:00,17.189
1185,6/27/2022 8:00,24.931
1186,6/27/2022 9:00,24.641
1187,6/27/2022 10:00,31.268
1188,6/27/2022 11:00,31.268
1189,6/27/2022 12:00,31.472
1190,6/27/2022 13:00,31.88
1191,6/27/2022 14:00,24.545
1192,6/27/2022 15:00,25.902
1193,6/27/2022 16:00,29.352
1194,6/27/2022 17:00,28.456
1195,6/27/2022 18:00,23.388
1196,6/27/2022 19:00,20.805
1197,6/27/2022 20:00,19.472
1198,6/27/2022 21:00,19.377
1199,6/27/2022 22:00,18.616
1200,6/27/2022 23:00,17.76
1201,6/28/2022 0:00,17.284
1202,6/28/2022 1:00,16.903
1203,6/28/2022 2:00,16.332
1204,6/28/2022 3:00,15.76
1205,6/28/2022 4:00,15.187
1206,6/28/2022 5:00,14.804
1207,6/28/2022 6:00,15.378
1208,6/28/2022 7:00,17.855
1209,6/28/2022 8:00,26.488
1210,6/28/2022 9:00,27.272
1211,6/28/2022 10:00,32.807
1212,6/28/2022 11:00,31.676
1213,6/28/2022 12:00,31.676
1214,6/28/2022 13:00,31.268
1215,6/28/2022 14:00,24.835
1216,6/28/2022 15:00,24.835
1217,6/28/2022 16:00,29.452
1218,6/28/2022 17:00,28.655
1219,6/28/2022 18:00,22.908
1220,6/28/2022 19:00,20.043
1221,6/28/2022 20:00,18.616
1222,6/28/2022 21:00,18.711
1223,6/28/2022 22:00,18.236
1224,6/28/2022 23:00,17.379
1225,6/29/2022 0:00,17.284
1226,6/29/2022 1:00,16.999
1227,6/29/2022 2:00,16.999
1228,6/29/2022 3:00,16.903
1229,6/29/2022 4:00,16.523
1230,6/29/2022 5:00,16.046
1231,6/29/2022 6:00,16.237
1232,6/29/2022 7:00,18.331
1233,6/29/2022 8:00,26.781
1234,6/29/2022 9:00,27.37
1235,6/29/2022 10:00,31.983
1236,6/29/2022 11:00,29.552
1237,6/29/2022 12:00,29.652
1238,6/29/2022 13:00,30.862
1239,6/29/2022 14:00,24.255
1240,6/29/2022 15:00,22.908
1241,6/29/2022 16:00,21.664
1242,6/29/2022 17:00,20.043
1243,6/29/2022 18:00,19.853
1244,6/29/2022 19:00,19.662
1245,6/29/2022 20:00,19.282
1246,6/29/2022 21:00,18.996
1247,6/29/2022 22:00,18.521
1248,6/29/2022 23:00,17.475
1249,6/30/2022 0:00,17.475
1250,6/30/2022 1:00,17.284
1251,6/30/2022 2:00,17.094
1252,6/30/2022 3:00,17.189
1253,6/30/2022 4:00,16.903
1254,6/30/2022 5:00,16.618
1255,6/30/2022 6:00,16.808
1256,6/30/2022 7:00,17.95
1257,6/30/2022 8:00,19.377
1258,6/30/2022 9:00,21.187
1259,6/30/2022 10:00,23.773
1260,6/30/2022 11:00,26.195
1261,6/30/2022 12:00,23.966
1262,6/30/2022 13:00,25.708
1263,6/30/2022 14:00,24.738
1264,6/30/2022 15:00,23.581
1265,6/30/2022 16:00,26.585
1266,6/30/2022 17:00,27.075
1267,6/30/2022 18:00,23.581
1268,6/30/2022 19:00,21.569
1269,6/30/2022 20:00,19.853
1270,6/30/2022 21:00,19.377
1271,6/30/2022 22:00,18.711
1272,6/30/2022 23:00,18.045
1273,7/1/2022 0:00,17.475
1274,7/1/2022 1:00,17.189
1275,7/1/2022 2:00,16.808
1276,7/1/2022 3:00,16.332
1277,7/1/2022 4:00,15.76
1278,7/1/2022 5:00,15.187
1279,7/1/2022 6:00,15.091
1280,7/1/2022 7:00,17.57
1281,7/1/2022 8:00,26.097
1282,7/1/2022 9:00,27.567
1283,7/1/2022 10:00,31.064
1284,7/1/2022 11:00,30.154
1285,7/1/2022 12:00,31.268
1286,7/1/2022 13:00,32.086
1287,7/1/2022 14:00,25.028
1288,7/1/2022 15:00,24.062
1289,7/1/2022 16:00,23.966
1290,7/1/2022 17:00,22.238
1291,7/1/2022 18:00,21.378
1292,7/1/2022 19:00,21.091
1293,7/1/2022 20:00,19.948
1294,7/1/2022 21:00,19.092
1295,7/1/2022 22:00,18.236
1296,7/1/2022 23:00,17.57
1297,7/2/2022 0:00,16.999
1298,7/2/2022 1:00,16.332
1299,7/2/2022 2:00,15.76
1300,7/2/2022 3:00,15.569
1301,7/2/2022 4:00,15.378
1302,7/2/2022 5:00,15.091
1303,7/2/2022 6:00,15.282
1304,7/2/2022 7:00,17.094
1305,7/2/2022 8:00,19.472
1306,7/2/2022 9:00,20.901
1307,7/2/2022 10:00,21.187
1308,7/2/2022 11:00,22.142
1309,7/2/2022 12:00,26.683
1310,7/2/2022 13:00,30.558
1311,7/2/2022 14:00,26
1312,7/2/2022 15:00,26.195
1313,7/2/2022 16:00,26.585
1314,7/2/2022 17:00,27.272
1315,7/2/2022 18:00,24.448
1316,7/2/2022 19:00,21.569
1317,7/2/2022 20:00,19.758
1318,7/2/2022 21:00,19.282
1319,7/2/2022 22:00,18.806
1320,7/2/2022 23:00,17.76
1321,7/3/2022 0:00,17.189
1322,7/3/2022 1:00,16.618
1323,7/3/2022 2:00,16.046
1324,7/3/2022 3:00,15.473
1325,7/3/2022 4:00,14.9
1326,7/3/2022 5:00,14.613
1327,7/3/2022 6:00,14.996
1328,7/3/2022 7:00,16.999
1329,7/3/2022 8:00,24.545
1330,7/3/2022 9:00,25.708
1331,7/3/2022 10:00,31.676
1332,7/3/2022 11:00,30.154
1333,7/3/2022 12:00,30.154
1334,7/3/2022 13:00,30.457
1335,7/3/2022 14:00,24.931
1336,7/3/2022 15:00,26.097
1337,7/3/2022 16:00,29.152
1338,7/3/2022 17:00,28.754
1339,7/3/2022 18:00,25.416
1340,7/3/2022 19:00,21.569
1341,7/3/2022 20:00,19.377
1342,7/3/2022 21:00,18.711
1343,7/3/2022 22:00,18.331
1344,7/3/2022 23:00,17.284
1345,7/4/2022 0:00,16.808
1346,7/4/2022 1:00,16.332
1347,7/4/2022 2:00,15.855
1348,7/4/2022 3:00,15.187
1349,7/4/2022 4:00,14.709
1350,7/4/2022 5:00,14.517
1351,7/4/2022 6:00,14.9
1352,7/4/2022 7:00,17.284
1353,7/4/2022 8:00,24.931
1354,7/4/2022 9:00,25.902
1355,7/4/2022 10:00,28.655
1356,7/4/2022 11:00,29.252
1357,7/4/2022 12:00,29.352
1358,7/4/2022 13:00,30.963
1359,7/4/2022 14:00,24.545
1360,7/4/2022 15:00,23.677
1361,7/4/2022 16:00,28.258
1362,7/4/2022 17:00,28.06
1363,7/4/2022 18:00,23.869
1364,7/4/2022 19:00,21.282
1365,7/4/2022 20:00,19.758
1366,7/4/2022 21:00,19.187
1367,7/4/2022 22:00,18.521
1368,7/4/2022 23:00,17.475
1369,7/5/2022 0:00,17.284
1370,7/5/2022 1:00,16.999
1371,7/5/2022 2:00,16.713
1372,7/5/2022 3:00,16.427
1373,7/5/2022 4:00,16.141
1374,7/5/2022 5:00,15.855
1375,7/5/2022 6:00,15.855
1376,7/5/2022 7:00,17.95
1377,7/5/2022 8:00,23.1
1378,7/5/2022 9:00,25.708
1379,7/5/2022 10:00,26.977
1380,7/5/2022 11:00,27.862
1381,7/5/2022 12:00,28.655
1382,7/5/2022 13:00,31.574
1383,7/5/2022 14:00,25.61
1384,7/5/2022 15:00,25.708
1385,7/5/2022 16:00,29.652
1386,7/5/2022 17:00,28.456
1387,7/5/2022 18:00,25.61
1388,7/5/2022 19:00,21.76
1389,7/5/2022 20:00,19.853
1390,7/5/2022 21:00,19.282
1391,7/5/2022 22:00,18.331
1392,7/5/2022 23:00,17.379
1393,7/6/2022 0:00,16.999
1394,7/6/2022 1:00,16.427
1395,7/6/2022 2:00,15.951
1396,7/6/2022 3:00,15.378
1397,7/6/2022 4:00,14.996
1398,7/6/2022 5:00,14.613
1399,7/6/2022 6:00,15.091
1400,7/6/2022 7:00,17.189
1401,7/6/2022 8:00,24.448
1402,7/6/2022 9:00,25.708
1403,7/6/2022 10:00,29.752
1404,7/6/2022 11:00,29.352
1405,7/6/2022 12:00,30.963
1406,7/6/2022 13:00,31.676
1407,7/6/2022 14:00,24.158
1408,7/6/2022 15:00,25.125
1409,7/6/2022 16:00,28.953
1410,7/6/2022 17:00,27.961
1411,7/6/2022 18:00,24.738
1412,7/6/2022 19:00,20.424
1413,7/6/2022 20:00,18.616
1414,7/6/2022 21:00,17.95
1415,7/6/2022 22:00,17.57
1416,7/6/2022 23:00,16.903
1417,7/7/2022 0:00,16.141
1418,7/7/2022 1:00,15.378
1419,7/7/2022 2:00,14.613
1420,7/7/2022 3:00,14.613
1421,7/7/2022 4:00,14.23
1422,7/7/2022 5:00,14.038
1423,7/7/2022 6:00,14.325
1424,7/7/2022 7:00,16.523
1425,7/7/2022 8:00,24.158
1426,7/7/2022 9:00,26
1427,7/7/2022 10:00,30.255
1428,7/7/2022 11:00,28.754
1429,7/7/2022 12:00,30.862
1430,7/7/2022 13:00,31.472
1431,7/7/2022 14:00,24.158
1432,7/7/2022 15:00,25.222
1433,7/7/2022 16:00,29.152
1434,7/7/2022 17:00,28.456
1435,7/7/2022 18:00,24.738
1436,7/7/2022 19:00,20.901
1437,7/7/2022 20:00,19.187
1438,7/7/2022 21:00,18.331
1439,7/7/2022 22:00,17.189
1440,7/7/2022 23:00,16.808
1441,7/8/2022 0:00,16.523
1442,7/8/2022 1:00,16.141
1443,7/8/2022 2:00,15.76
1444,7/8/2022 3:00,15.282
1445,7/8/2022 4:00,14.9
1446,7/8/2022 5:00,14.421
1447,7/8/2022 6:00,14.709
1448,7/8/2022 7:00,16.808
1449,7/8/2022 8:00,24.931
1450,7/8/2022 9:00,26.781
1451,7/8/2022 10:00,31.676
1452,7/8/2022 11:00,30.054
1453,7/8/2022 12:00,32.394
1454,7/8/2022 13:00,34.374
1455,7/8/2022 14:00,26.39
1456,7/8/2022 15:00,28.159
1457,7/8/2022 16:00,30.255
1458,7/8/2022 17:00,30.054
1459,7/8/2022 18:00,25.416
1460,7/8/2022 19:00,20.996
1461,7/8/2022 20:00,19.282
1462,7/8/2022 21:00,18.806
1463,7/8/2022 22:00,17.665
1464,7/8/2022 23:00,17.189
1465,7/9/2022 0:00,16.903
1466,7/9/2022 1:00,17.094
1467,7/9/2022 2:00,17.094
1468,7/9/2022 3:00,16.999
1469,7/9/2022 4:00,16.999
1470,7/9/2022 5:00,16.808
1471,7/9/2022 6:00,16.903
1472,7/9/2022 7:00,18.14
1473,7/9/2022 8:00,26.195
1474,7/9/2022 9:00,27.468
1475,7/9/2022 10:00,32.704
1476,7/9/2022 11:00,28.655
1477,7/9/2022 12:00,31.37
1478,7/9/2022 13:00,31.983
1479,7/9/2022 14:00,28.159
1480,7/9/2022 15:00,22.525
1481,7/9/2022 16:00,21.855
1482,7/9/2022 17:00,21.187
1483,7/9/2022 18:00,20.71
1484,7/9/2022 19:00,19.758
1485,7/9/2022 20:00,19.472
1486,7/9/2022 21:00,19.662
1487,7/9/2022 22:00,18.331
1488,7/9/2022 23:00,17.57
1489,7/10/2022 0:00,17.475
1490,7/10/2022 1:00,17.379
1491,7/10/2022 2:00,17.189
1492,7/10/2022 3:00,16.903
1493,7/10/2022 4:00,16.808
1494,7/10/2022 5:00,16.618
1495,7/10/2022 6:00,16.903
1496,7/10/2022 7:00,18.616
1497,7/10/2022 8:00,25.61
1498,7/10/2022 9:00,26.781
1499,7/10/2022 10:00,27.764
1500,7/10/2022 11:00,25.902
1501,7/10/2022 12:00,25.319
1502,7/10/2022 13:00,25.513
1503,7/10/2022 14:00,23.677
1504,7/10/2022 15:00,25.513
1505,7/10/2022 16:00,28.159
1506,7/10/2022 17:00,23.966
1507,7/10/2022 18:00,25.222
1508,7/10/2022 19:00,21.569
1509,7/10/2022 20:00,19.567
1510,7/10/2022 21:00,18.996
1511,7/10/2022 22:00,17.855
1512,7/10/2022 23:00,16.903
1513,7/11/2022 0:00,16.618
1514,7/11/2022 1:00,16.999
1515,7/11/2022 2:00,16.999
1516,7/11/2022 3:00,16.999
1517,7/11/2022 4:00,16.713
1518,7/11/2022 5:00,16.618
1519,7/11/2022 6:00,16.808
1520,7/11/2022 7:00,18.616
1521,7/11/2022 8:00,23.773
1522,7/11/2022 9:00,25.125
1523,7/11/2022 10:00,31.268
1524,7/11/2022 11:00,29.152
1525,7/11/2022 12:00,25.319
1526,7/11/2022 13:00,22.238
1527,7/11/2022 14:00,24.448
1528,7/11/2022 15:00,24.062
1529,7/11/2022 16:00,21.951
1530,7/11/2022 17:00,22.429
1531,7/11/2022 18:00,21.282
1532,7/11/2022 19:00,20.138
1533,7/11/2022 20:00,19.758
1534,7/11/2022 21:00,19.758
1535,7/11/2022 22:00,18.806
1536,7/11/2022 23:00,17.95
1537,7/12/2022 0:00,17.475
1538,7/12/2022 1:00,16.999
1539,7/12/2022 2:00,16.427
1540,7/12/2022 3:00,16.141
1541,7/12/2022 4:00,16.046
1542,7/12/2022 5:00,16.141
1543,7/12/2022 6:00,16.141
1544,7/12/2022 7:00,18.14
1545,7/12/2022 8:00,25.125
1546,7/12/2022 9:00,26.195
1547,7/12/2022 10:00,31.778
1548,7/12/2022 11:00,28.456
1549,7/12/2022 12:00,32.086
1550,7/12/2022 13:00,28.853
1551,7/12/2022 14:00,22.525
1552,7/12/2022 15:00,21.282
1553,7/12/2022 16:00,22.046
1554,7/12/2022 17:00,23.004
1555,7/12/2022 18:00,22.142
1556,7/12/2022 19:00,21.378
1557,7/12/2022 20:00,20.71
1558,7/12/2022 21:00,20.234
1559,7/12/2022 22:00,19.472
1560,7/12/2022 23:00,18.901
1561,7/13/2022 0:00,18.711
1562,7/13/2022 1:00,18.521
1563,7/13/2022 2:00,18.236
1564,7/13/2022 3:00,17.76
1565,7/13/2022 4:00,17.57
1566,7/13/2022 5:00,17.379
1567,7/13/2022 6:00,17.379
1568,7/13/2022 7:00,18.711
1569,7/13/2022 8:00,26.195
1570,7/13/2022 9:00,26.781
1571,7/13/2022 10:00,32.911
1572,7/13/2022 11:00,27.665
1573,7/13/2022 12:00,24.931
1574,7/13/2022 13:00,24.062
1575,7/13/2022 14:00,24.931
1576,7/13/2022 15:00,25.61
1577,7/13/2022 16:00,27.468
1578,7/13/2022 17:00,26
1579,7/13/2022 18:00,26.097
1580,7/13/2022 19:00,22.142
1581,7/13/2022 20:00,20.234
1582,7/13/2022 21:00,20.043
1583,7/13/2022 22:00,19.187
1584,7/13/2022 23:00,18.331
1585,7/14/2022 0:00,18.236
1586,7/14/2022 1:00,18.331
1587,7/14/2022 2:00,17.95
1588,7/14/2022 3:00,17.475
1589,7/14/2022 4:00,16.999
1590,7/14/2022 5:00,16.808
1591,7/14/2022 6:00,16.808
1592,7/14/2022 7:00,18.426
1593,7/14/2022 8:00,26.195
1594,7/14/2022 9:00,27.665
1595,7/14/2022 10:00,30.76
1596,7/14/2022 11:00,27.961
1597,7/14/2022 12:00,23.484
1598,7/14/2022 13:00,21.282
1599,7/14/2022 14:00,20.71
1600,7/14/2022 15:00,22.046
1601,7/14/2022 16:00,20.996
1602,7/14/2022 17:00,20.234
1603,7/14/2022 18:00,20.043
1604,7/14/2022 19:00,19.662
1605,7/14/2022 20:00,18.711
1606,7/14/2022 21:00,17.475
1607,7/14/2022 22:00,17.475
1608,7/14/2022 23:00,17.665
1609,7/15/2022 0:00,17.76
1610,7/15/2022 1:00,17.76
1611,7/15/2022 2:00,17.475
1612,7/15/2022 3:00,17.284
1613,7/15/2022 4:00,17.379
1614,7/15/2022 5:00,17.284
1615,7/15/2022 6:00,17.094
1616,7/15/2022 7:00,19.187
1617,7/15/2022 8:00,25.125
1618,7/15/2022 9:00,27.468
1619,7/15/2022 10:00,31.064
1620,7/15/2022 11:00,29.853
1621,7/15/2022 12:00,34.479
1622,7/15/2022 13:00,31.472
1623,7/15/2022 14:00,28.06
1624,7/15/2022 15:00,29.452
1625,7/15/2022 16:00,27.173
1626,7/15/2022 17:00,22.908
1627,7/15/2022 18:00,24.641
1628,7/15/2022 19:00,22.046
1629,7/15/2022 20:00,20.615
1630,7/15/2022 21:00,20.329
1631,7/15/2022 22:00,19.187
1632,7/15/2022 23:00,18.806
1633,7/16/2022 0:00,18.901
1634,7/16/2022 1:00,18.426
1635,7/16/2022 2:00,17.855
1636,7/16/2022 3:00,17.284
1637,7/16/2022 4:00,16.903
1638,7/16/2022 5:00,16.427
1639,7/16/2022 6:00,16.332
1640,7/16/2022 7:00,18.331
1641,7/16/2022 8:00,25.125
1642,7/16/2022 9:00,27.075
1643,7/16/2022 10:00,30.457
1644,7/16/2022 11:00,29.953
1645,7/16/2022 12:00,31.064
1646,7/16/2022 13:00,29.652
1647,7/16/2022 14:00,25.708
1648,7/16/2022 15:00,23.484
1649,7/16/2022 16:00,22.333
1650,7/16/2022 17:00,21.091
1651,7/16/2022 18:00,23.677
1652,7/16/2022 19:00,21.282
1653,7/16/2022 20:00,20.615
1654,7/16/2022 21:00,20.329
1655,7/16/2022 22:00,19.187
1656,7/16/2022 23:00,18.711
1657,7/17/2022 0:00,18.806
1658,7/17/2022 1:00,18.521
1659,7/17/2022 2:00,18.426
1660,7/17/2022 3:00,18.331
1661,7/17/2022 4:00,18.426
1662,7/17/2022 5:00,17.95
1663,7/17/2022 6:00,17.76
1664,7/17/2022 7:00,18.901
1665,7/17/2022 8:00,23.388
1666,7/17/2022 9:00,27.272
1667,7/17/2022 10:00,31.983
1668,7/17/2022 11:00,28.754
1669,7/17/2022 12:00,34.479
1670,7/17/2022 13:00,31.472
1671,7/17/2022 14:00,24.738
1672,7/17/2022 15:00,24.255
1673,7/17/2022 16:00,23.388
1674,7/17/2022 17:00,21.187
1675,7/17/2022 18:00,20.519
1676,7/17/2022 19:00,19.282
1677,7/17/2022 20:00,18.806
1678,7/17/2022 21:00,18.901
1679,7/17/2022 22:00,18.331
1680,7/17/2022 23:00,18.426
1681,7/18/2022 0:00,18.331
1682,7/18/2022 1:00,18.426
1683,7/18/2022 2:00,18.045
1684,7/18/2022 3:00,18.14
1685,7/18/2022 4:00,18.14
1686,7/18/2022 5:00,17.76
1687,7/18/2022 6:00,17.95
1688,7/18/2022 7:00,19.472
1689,7/18/2022 8:00,23.869
1690,7/18/2022 9:00,25.222
1691,7/18/2022 10:00,27.862
1692,7/18/2022 11:00,28.953
1693,7/18/2022 12:00,31.88
1694,7/18/2022 13:00,32.807
1695,7/18/2022 14:00,29.552
1696,7/18/2022 15:00,24.641
1697,7/18/2022 16:00,22.717
1698,7/18/2022 17:00,25.319
1699,7/18/2022 18:00,27.764
1700,7/18/2022 19:00,22.717
1701,7/18/2022 20:00,21.282
1702,7/18/2022 21:00,20.71
1703,7/18/2022 22:00,19.472
1704,7/18/2022 23:00,18.901
1705,7/19/2022 0:00,18.331
1706,7/19/2022 1:00,17.855
1707,7/19/2022 2:00,17.475
1708,7/19/2022 3:00,17.284
1709,7/19/2022 4:00,17.284
1710,7/19/2022 5:00,17.189
1711,7/19/2022 6:00,17.475
1712,7/19/2022 7:00,18.901
1713,7/19/2022 8:00,25.222
1714,7/19/2022 9:00,27.862
1715,7/19/2022 10:00,35.435
1716,7/19/2022 11:00,33.535
1717,7/19/2022 12:00,39.729
1718,7/19/2022 13:00,34.903
1719,7/19/2022 14:00,30.054
1720,7/19/2022 15:00,29.853
1721,7/19/2022 16:00,33.535
1722,7/19/2022 17:00,26.39
1723,7/19/2022 18:00,24.351
1724,7/19/2022 19:00,22.621
1725,7/19/2022 20:00,21.091
1726,7/19/2022 21:00,20.519
1727,7/19/2022 22:00,19.472
1728,7/19/2022 23:00,18.806
1729,7/20/2022 0:00,18.616
1730,7/20/2022 1:00,18.426
1731,7/20/2022 2:00,18.14
1732,7/20/2022 3:00,17.95
1733,7/20/2022 4:00,17.855
1734,7/20/2022 5:00,17.95
1735,7/20/2022 6:00,18.426
1736,7/20/2022 7:00,20.329
1737,7/20/2022 8:00,24.351
1738,7/20/2022 9:00,27.862
1739,7/20/2022 10:00,35.009
1740,7/20/2022 11:00,34.691
1741,7/20/2022 12:00,35.756
1742,7/20/2022 13:00,32.188
1743,7/20/2022 14:00,26.977
1744,7/20/2022 15:00,23.773
1745,7/20/2022 16:00,23.196
1746,7/20/2022 17:00,22.046
1747,7/20/2022 18:00,21.473
1748,7/20/2022 19:00,21.282
1749,7/20/2022 20:00,20.901
1750,7/20/2022 21:00,20.615
1751,7/20/2022 22:00,19.187
1752,7/20/2022 23:00,18.711
1753,7/21/2022 0:00,18.426
1754,7/21/2022 1:00,18.331
1755,7/21/2022 2:00,18.426
1756,7/21/2022 3:00,18.711
1757,7/21/2022 4:00,18.426
1758,7/21/2022 5:00,18.426
1759,7/21/2022 6:00,18.806
1760,7/21/2022 7:00,19.567
1761,7/21/2022 8:00,20.996
1762,7/21/2022 9:00,26.683
1763,7/21/2022 10:00,34.903
1764,7/21/2022 11:00,35.115
1765,7/21/2022 12:00,42.998
1766,7/21/2022 13:00,40.185
1767,7/21/2022 14:00,26.097
1768,7/21/2022 15:00,24.158
1769,7/21/2022 16:00,34.058
1770,7/21/2022 17:00,27.272
1771,7/21/2022 18:00,27.272
1772,7/21/2022 19:00,22.525
1773,7/21/2022 20:00,21.473
1774,7/21/2022 21:00,20.901
1775,7/21/2022 22:00,19.282
1776,7/21/2022 23:00,18.806
1777,7/22/2022 0:00,18.426
1778,7/22/2022 1:00,18.14
1779,7/22/2022 2:00,18.045
1780,7/22/2022 3:00,18.14
1781,7/22/2022 4:00,17.855
1782,7/22/2022 5:00,17.57
1783,7/22/2022 6:00,17.95
1784,7/22/2022 7:00,19.853
1785,7/22/2022 8:00,26.195
1786,7/22/2022 9:00,26.488
1787,7/22/2022 10:00,37.824
1788,7/22/2022 10:28,
1789,7/22/2022 10:28,
1790,7/22/2022 10:28,
