Date_Time,Unit,Value
12/14/2021 12:19,C,24.097
12/14/2021 13:59,C,20.596
12/14/2021 15:39,C,21.096
12/14/2021 17:19,C,20.095
12/14/2021 18:59,C,19.094
12/14/2021 20:39,C,18.594
12/14/2021 22:19,C,17.593
12/14/2021 23:59,C,16.591
12/15/2021 1:39,C,15.59
12/15/2021 3:19,C,14.087
12/15/2021 4:59,C,13.085
12/15/2021 6:39,C,13.085
12/15/2021 8:19,C,13.586
12/15/2021 9:59,C,17.593
12/15/2021 11:39,C,19.595
12/15/2021 13:19,C,21.596
12/15/2021 14:59,C,5.566
12/15/2021 16:39,C,2.054
12/15/2021 18:19,C,1.552
12/15/2021 19:59,C,1.051
12/15/2021 21:39,C,0.549
12/15/2021 23:19,C,-0.455
12/16/2021 0:59,C,-1.46
12/16/2021 2:39,C,-2.464
12/16/2021 4:19,C,-2.966
12/16/2021 5:59,C,-3.468
12/16/2021 7:39,C,-3.971
12/16/2021 9:19,C,-3.468
12/16/2021 10:59,C,-0.957
12/16/2021 12:39,C,1.552
12/16/2021 14:19,C,2.556
12/16/2021 15:59,C,2.556
12/16/2021 17:39,C,2.556
12/16/2021 19:19,C,2.556
12/16/2021 20:59,C,2.556
12/16/2021 22:39,C,2.054
12/17/2021 0:19,C,1.552
12/17/2021 1:59,C,1.051
12/17/2021 3:39,C,0.047
12/17/2021 5:19,C,-0.455
12/17/2021 6:59,C,-1.46
12/17/2021 8:39,C,-1.962
12/17/2021 10:19,C,-0.455
12/17/2021 11:59,C,1.051
12/17/2021 13:39,C,2.054
12/17/2021 15:19,C,2.556
12/17/2021 16:59,C,2.556
12/17/2021 18:39,C,2.054
12/17/2021 20:19,C,1.552
12/17/2021 21:59,C,1.552
12/17/2021 23:39,C,1.552
12/18/2021 1:19,C,1.051
12/18/2021 2:59,C,0.549
12/18/2021 4:39,C,0.047
12/18/2021 6:19,C,-0.455
12/18/2021 7:59,C,-0.455
12/18/2021 9:39,C,-0.455
12/18/2021 11:19,C,0.549
12/18/2021 12:59,C,1.552
12/18/2021 14:39,C,2.054
12/18/2021 16:19,C,2.556
12/18/2021 17:59,C,1.552
12/18/2021 19:39,C,1.051
12/18/2021 21:19,C,0.047
12/18/2021 22:59,C,-0.455
12/19/2021 0:39,C,-0.957
12/19/2021 2:19,C,-1.962
12/19/2021 3:59,C,-2.464
12/19/2021 5:39,C,-3.468
12/19/2021 7:19,C,-3.971
12/19/2021 8:59,C,-3.971
12/19/2021 10:39,C,-1.962
12/19/2021 12:19,C,0.047
12/19/2021 13:59,C,2.054
12/19/2021 15:39,C,3.058
12/19/2021 17:19,C,3.058
12/19/2021 18:59,C,2.556
12/19/2021 20:39,C,1.552
12/19/2021 22:19,C,1.051
12/19/2021 23:59,C,0.549
12/20/2021 1:39,C,-0.455
12/20/2021 3:19,C,-0.957
12/20/2021 4:59,C,-1.46
12/20/2021 6:39,C,-1.962
12/20/2021 8:19,C,-2.464
12/20/2021 9:59,C,-0.957
12/20/2021 11:39,C,1.552
12/20/2021 13:19,C,17.593
12/20/2021 14:59,C,20.095
12/20/2021 16:39,C,20.095
12/20/2021 18:19,C,20.095
12/20/2021 19:59,C,20.095
12/20/2021 21:39,C,19.595
12/20/2021 23:19,C,19.595
12/21/2021 0:59,C,19.595
12/21/2021 2:39,C,19.595
12/21/2021 4:19,C,19.595
12/21/2021 5:59,C,19.595
12/21/2021 7:39,C,19.595
12/21/2021 9:19,C,20.596
12/21/2021 10:59,C,22.097
12/21/2021 12:39,C,22.097
12/21/2021 14:19,C,22.097
12/21/2021 15:59,C,21.596
12/21/2021 17:39,C,20.596
12/21/2021 19:19,C,20.596
12/21/2021 20:59,C,20.596
12/21/2021 22:39,C,20.596
12/22/2021 0:19,C,20.095
12/22/2021 1:59,C,19.595
12/22/2021 3:39,C,20.095
12/22/2021 5:19,C,20.095
12/22/2021 6:59,C,19.595
12/22/2021 8:39,C,21.096
12/22/2021 10:19,C,22.097
12/22/2021 11:59,C,23.097
12/22/2021 13:39,C,22.597
12/22/2021 15:19,C,23.097
12/22/2021 16:59,C,21.596
12/22/2021 18:39,C,21.596
12/22/2021 20:19,C,22.597
12/22/2021 21:59,C,21.096
12/22/2021 23:39,C,21.096
12/23/2021 1:19,C,20.596
12/23/2021 2:59,C,20.596
12/23/2021 4:39,C,20.596
12/23/2021 6:19,C,20.596
12/23/2021 7:59,C,20.596
12/23/2021 9:39,C,22.597
12/23/2021 11:19,C,22.597
12/23/2021 12:59,C,22.597
12/23/2021 14:39,C,23.097
12/23/2021 16:19,C,22.097
12/23/2021 17:59,C,21.596
12/23/2021 19:39,C,21.096
12/23/2021 21:19,C,21.096
12/23/2021 22:59,C,21.096
12/24/2021 0:39,C,21.096
12/24/2021 2:19,C,21.096
12/24/2021 3:59,C,20.596
12/24/2021 5:39,C,20.596
12/24/2021 7:19,C,20.596
12/24/2021 8:59,C,20.596
12/24/2021 10:39,C,22.097
12/24/2021 12:19,C,21.096
12/24/2021 13:59,C,22.097
12/24/2021 15:39,C,21.096
12/24/2021 17:19,C,21.096
12/24/2021 18:59,C,21.096
12/24/2021 20:39,C,21.096
12/24/2021 22:19,C,20.596
12/24/2021 23:59,C,20.596
12/25/2021 1:39,C,20.596
12/25/2021 3:19,C,20.596
12/25/2021 4:59,C,20.596
12/25/2021 6:39,C,20.095
12/25/2021 8:19,C,20.095
12/25/2021 9:59,C,20.095
12/25/2021 11:39,C,20.095
12/25/2021 13:19,C,20.095
12/25/2021 14:59,C,20.596
12/25/2021 16:39,C,20.596
12/25/2021 18:19,C,20.596
12/25/2021 19:59,C,20.596
12/25/2021 21:39,C,20.596
12/25/2021 23:19,C,20.596
12/26/2021 0:59,C,20.596
12/26/2021 2:39,C,20.596
12/26/2021 4:19,C,20.596
12/26/2021 5:59,C,20.095
12/26/2021 7:39,C,20.095
12/26/2021 9:19,C,20.095
12/26/2021 10:59,C,21.596
12/26/2021 12:39,C,22.097
12/26/2021 14:19,C,21.096
12/26/2021 15:59,C,21.596
12/26/2021 17:39,C,21.096
12/26/2021 19:19,C,20.596
12/26/2021 20:59,C,20.596
12/26/2021 22:39,C,20.596
12/27/2021 0:19,C,20.596
12/27/2021 1:59,C,20.095
12/27/2021 3:39,C,20.095
12/27/2021 5:19,C,20.095
12/27/2021 6:59,C,20.095
12/27/2021 8:39,C,20.095
12/27/2021 10:19,C,21.096
12/27/2021 11:59,C,21.596
12/27/2021 13:39,C,22.097
12/27/2021 15:19,C,22.597
12/27/2021 16:59,C,21.096
12/27/2021 18:39,C,20.095
12/27/2021 20:19,C,20.095
12/27/2021 21:59,C,19.595
12/27/2021 23:39,C,19.595
12/28/2021 1:19,C,19.595
12/28/2021 2:59,C,19.094
12/28/2021 4:39,C,19.094
12/28/2021 6:19,C,19.094
12/28/2021 7:59,C,19.094
12/28/2021 9:39,C,19.094
12/28/2021 11:19,C,19.094
12/28/2021 12:59,C,19.094
12/28/2021 14:39,C,19.094
12/28/2021 16:19,C,19.094
12/28/2021 17:59,C,19.094
12/28/2021 19:39,C,19.094
12/28/2021 21:19,C,19.094
12/28/2021 22:59,C,19.094
12/29/2021 0:39,C,19.094
12/29/2021 2:19,C,19.094
12/29/2021 3:59,C,19.094
12/29/2021 5:39,C,19.094
12/29/2021 7:19,C,19.094
12/29/2021 8:59,C,19.094
12/29/2021 10:39,C,20.095
12/29/2021 12:19,C,21.596
12/29/2021 13:59,C,21.596
12/29/2021 15:39,C,21.096
12/29/2021 17:19,C,20.596
12/29/2021 18:59,C,21.596
12/29/2021 20:39,C,22.097
12/29/2021 22:19,C,22.097
12/29/2021 23:59,C,22.097
12/30/2021 1:39,C,22.097
12/30/2021 3:19,C,22.597
12/30/2021 4:59,C,22.597
12/30/2021 6:39,C,22.597
12/30/2021 8:19,C,22.597
12/30/2021 9:59,C,22.597
12/30/2021 11:39,C,23.097
12/30/2021 13:19,C,23.097
12/30/2021 14:59,C,23.097
12/30/2021 16:39,C,21.596
12/30/2021 18:19,C,21.096
12/30/2021 19:59,C,20.596
12/30/2021 21:39,C,20.596
12/30/2021 23:19,C,20.596
12/31/2021 0:59,C,20.596
12/31/2021 2:39,C,20.095
12/31/2021 4:19,C,20.095
12/31/2021 5:59,C,20.095
12/31/2021 7:39,C,20.095
12/31/2021 9:19,C,20.596
12/31/2021 10:59,C,20.596
12/31/2021 12:39,C,20.596
12/31/2021 14:19,C,20.596
12/31/2021 15:59,C,20.596
12/31/2021 17:39,C,20.596
12/31/2021 19:19,C,20.095
12/31/2021 20:59,C,20.095
12/31/2021 22:39,C,20.095
1/1/2022 0:19,C,20.095
1/1/2022 1:59,C,20.095
1/1/2022 3:39,C,20.095
1/1/2022 5:19,C,19.595
1/1/2022 6:59,C,19.595
1/1/2022 8:39,C,19.595
1/1/2022 10:19,C,19.595
1/1/2022 11:59,C,19.595
1/1/2022 13:39,C,19.595
1/1/2022 15:19,C,19.595
1/1/2022 16:59,C,19.595
1/1/2022 18:39,C,19.595
1/1/2022 20:19,C,19.094
1/1/2022 21:59,C,19.094
1/1/2022 23:39,C,19.094
1/2/2022 1:19,C,19.094
1/2/2022 2:59,C,18.594
1/2/2022 4:39,C,18.594
1/2/2022 6:19,C,18.594
1/2/2022 7:59,C,18.594
1/2/2022 9:39,C,18.594
1/2/2022 11:19,C,18.594
1/2/2022 12:59,C,18.594
1/2/2022 14:39,C,18.594
1/2/2022 16:19,C,18.594
1/2/2022 17:59,C,18.594
1/2/2022 19:39,C,18.594
1/2/2022 21:19,C,18.594
1/2/2022 22:59,C,18.594
1/3/2022 0:39,C,18.594
1/3/2022 2:19,C,18.093
1/3/2022 3:59,C,18.093
1/3/2022 5:39,C,18.093
1/3/2022 7:19,C,18.093
1/3/2022 8:59,C,18.093
1/3/2022 10:39,C,20.095
1/3/2022 12:19,C,21.096
1/3/2022 13:59,C,21.096
1/3/2022 15:39,C,20.095
1/3/2022 17:19,C,19.595
1/3/2022 18:59,C,19.595
1/3/2022 20:39,C,19.595
1/3/2022 22:19,C,19.595
1/3/2022 23:59,C,19.595
1/4/2022 1:39,C,19.595
1/4/2022 3:19,C,19.094
1/4/2022 4:59,C,19.595
1/4/2022 6:39,C,19.595
1/4/2022 8:19,C,21.096
1/4/2022 9:59,C,21.596
1/4/2022 11:39,C,22.097
1/4/2022 13:19,C,22.097
1/4/2022 14:59,C,21.596
1/4/2022 16:39,C,21.096
1/4/2022 18:19,C,20.596
1/4/2022 19:59,C,20.596
1/4/2022 21:39,C,20.095
1/4/2022 23:19,C,20.095
1/5/2022 0:59,C,20.095
1/5/2022 2:39,C,20.596
1/5/2022 4:19,C,20.095
1/5/2022 5:59,C,20.095
1/5/2022 7:39,C,20.095
1/5/2022 9:19,C,20.095
1/5/2022 10:59,C,21.096
1/5/2022 12:39,C,22.097
1/5/2022 14:19,C,22.097
1/5/2022 15:59,C,21.596
1/5/2022 17:39,C,21.096
1/5/2022 19:19,C,21.096
1/5/2022 20:59,C,20.596
1/5/2022 22:39,C,21.096
1/6/2022 0:19,C,20.596
1/6/2022 1:59,C,20.596
1/6/2022 3:39,C,20.596
1/6/2022 5:19,C,20.095
1/6/2022 6:59,C,20.596
1/6/2022 8:39,C,21.596
1/6/2022 10:19,C,22.097
1/6/2022 11:59,C,22.097
1/6/2022 13:39,C,22.597
1/6/2022 15:19,C,17.593
1/6/2022 16:59,C,16.09
1/6/2022 18:39,C,13.586
1/6/2022 20:19,C,11.582
1/6/2022 21:59,C,9.076
1/6/2022 23:39,C,7.572
1/7/2022 1:19,C,6.068
1/7/2022 2:59,C,5.065
1/7/2022 4:39,C,4.061
1/7/2022 6:19,C,3.058
1/7/2022 7:59,C,2.556
1/7/2022 9:39,C,3.058
1/7/2022 11:19,C,5.065
1/7/2022 12:59,C,6.068
1/7/2022 14:39,C,6.569
1/7/2022 16:19,C,6.569
1/7/2022 17:59,C,6.569
1/7/2022 19:39,C,6.569
1/7/2022 21:19,C,6.068
1/7/2022 22:59,C,6.068
1/8/2022 0:39,C,5.566
1/8/2022 2:19,C,5.065
1/8/2022 3:59,C,5.065
1/8/2022 5:39,C,5.065
1/8/2022 7:19,C,4.563
1/8/2022 8:59,C,4.563
1/8/2022 10:39,C,5.566
1/8/2022 12:19,C,6.068
1/8/2022 13:59,C,6.569
1/8/2022 15:39,C,7.071
1/8/2022 17:19,C,6.569
1/8/2022 18:59,C,6.068
1/8/2022 20:39,C,5.065
1/8/2022 22:19,C,4.563
1/8/2022 23:59,C,3.56
1/9/2022 1:39,C,3.058
1/9/2022 3:19,C,2.556
1/9/2022 4:59,C,2.556
1/9/2022 6:39,C,2.556
1/9/2022 8:19,C,1.552
1/9/2022 9:59,C,2.556
1/9/2022 11:39,C,3.56
1/9/2022 13:19,C,4.061
1/9/2022 14:59,C,4.563
1/9/2022 16:39,C,5.065
1/9/2022 18:19,C,4.563
1/9/2022 19:59,C,4.061
1/9/2022 21:39,C,4.061
1/9/2022 23:19,C,4.061
1/10/2022 0:59,C,3.56
1/10/2022 2:39,C,3.56
1/10/2022 4:19,C,3.058
1/10/2022 5:59,C,3.058
1/10/2022 7:39,C,2.556
1/10/2022 9:19,C,3.058
1/10/2022 10:59,C,3.56
1/10/2022 12:39,C,4.061
1/10/2022 14:19,C,4.563
1/10/2022 15:59,C,5.065
1/10/2022 17:39,C,5.065
1/10/2022 19:19,C,4.563
1/10/2022 20:59,C,4.061
1/10/2022 22:39,C,3.56
1/11/2022 0:19,C,3.56
1/11/2022 1:59,C,2.556
1/11/2022 3:39,C,2.054
1/11/2022 5:19,C,0.549
1/11/2022 6:59,C,0.047
1/11/2022 8:39,C,-0.455
1/11/2022 10:19,C,0.549
1/11/2022 11:59,C,2.556
1/11/2022 13:39,C,4.061
1/11/2022 15:19,C,4.563
1/11/2022 16:59,C,5.065
1/11/2022 18:39,C,4.061
1/11/2022 20:19,C,3.56
1/11/2022 21:59,C,2.556
1/11/2022 23:39,C,2.054
1/12/2022 1:19,C,1.051
1/12/2022 2:59,C,0.047
1/12/2022 4:39,C,-0.957
1/12/2022 6:19,C,-1.46
1/12/2022 7:59,C,-1.962
1/12/2022 9:39,C,-1.46
1/12/2022 11:19,C,1.552
1/12/2022 12:59,C,3.058
1/12/2022 14:39,C,4.563
1/12/2022 16:19,C,5.065
1/12/2022 17:59,C,5.065
1/12/2022 19:39,C,5.065
1/12/2022 21:19,C,5.065
1/12/2022 22:59,C,4.061
1/13/2022 0:39,C,3.56
1/13/2022 2:19,C,2.556
1/13/2022 3:59,C,2.054
1/13/2022 5:39,C,1.552
1/13/2022 7:19,C,1.051
1/13/2022 8:59,C,1.051
1/13/2022 10:39,C,2.556
1/13/2022 12:19,C,4.563
1/13/2022 13:59,C,6.569
1/13/2022 15:39,C,7.071
1/13/2022 17:19,C,7.572
1/13/2022 18:59,C,7.071
1/13/2022 20:39,C,6.569
1/13/2022 22:19,C,6.068
1/13/2022 23:59,C,6.569
1/14/2022 1:39,C,6.569
1/14/2022 3:19,C,6.068
1/14/2022 4:59,C,6.569
1/14/2022 6:39,C,6.068
1/14/2022 8:19,C,5.566
1/14/2022 9:59,C,6.569
1/14/2022 11:39,C,8.074
1/14/2022 13:19,C,8.575
1/14/2022 14:59,C,8.575
1/14/2022 16:39,C,8.575
1/14/2022 18:19,C,7.572
1/14/2022 19:59,C,7.071
1/14/2022 21:39,C,6.569
1/14/2022 23:19,C,6.569
1/15/2022 0:59,C,6.068
1/15/2022 2:39,C,5.566
1/15/2022 4:19,C,5.065
1/15/2022 5:59,C,4.563
1/15/2022 7:39,C,4.563
1/15/2022 9:19,C,4.563
1/15/2022 10:59,C,5.065
1/15/2022 12:39,C,6.068
1/15/2022 14:19,C,6.569
1/15/2022 15:59,C,7.071
1/15/2022 17:39,C,6.569
1/15/2022 19:19,C,5.566
1/15/2022 20:59,C,4.563
1/15/2022 22:39,C,3.56
1/16/2022 0:19,C,2.556
1/16/2022 1:59,C,1.051
1/16/2022 3:39,C,0.549
1/16/2022 5:19,C,-0.455
1/16/2022 6:59,C,-1.46
1/16/2022 8:39,C,-1.962
1/16/2022 10:19,C,0.047
1/16/2022 11:59,C,2.054
1/16/2022 13:39,C,4.061
1/16/2022 15:19,C,5.566
1/16/2022 16:59,C,5.566
1/16/2022 18:39,C,4.563
1/16/2022 20:19,C,4.061
1/16/2022 21:59,C,3.058
1/16/2022 23:39,C,2.556
1/17/2022 1:19,C,2.054
1/17/2022 2:59,C,1.051
1/17/2022 4:39,C,0.549
1/17/2022 6:19,C,0.549
1/17/2022 7:59,C,0.549
1/17/2022 9:39,C,1.552
1/17/2022 11:19,C,3.56
1/17/2022 12:59,C,5.065
1/17/2022 14:39,C,6.068
1/17/2022 16:19,C,6.569
1/17/2022 17:59,C,6.068
1/17/2022 19:39,C,5.566
1/17/2022 21:19,C,4.563
1/17/2022 22:59,C,3.56
1/18/2022 0:39,C,3.56
1/18/2022 2:19,C,3.058
1/18/2022 3:59,C,3.058
1/18/2022 5:39,C,3.56
1/18/2022 7:19,C,3.058
1/18/2022 8:59,C,3.56
1/18/2022 10:39,C,4.563
1/18/2022 12:19,C,5.065
1/18/2022 13:59,C,5.065
1/18/2022 15:39,C,5.566
1/18/2022 17:19,C,5.566
1/18/2022 18:59,C,5.566
1/18/2022 20:39,C,5.566
1/18/2022 22:19,C,5.566
1/18/2022 23:59,C,5.065
1/19/2022 1:39,C,4.563
1/19/2022 3:19,C,4.061
1/19/2022 4:59,C,4.061
1/19/2022 6:39,C,3.56
1/19/2022 8:19,C,3.058
1/19/2022 9:59,C,3.56
1/19/2022 11:39,C,5.065
1/19/2022 13:19,C,5.566
1/19/2022 14:59,C,6.569
1/19/2022 16:39,C,6.068
1/19/2022 18:19,C,5.566
1/19/2022 19:59,C,5.065
1/19/2022 21:39,C,4.061
1/19/2022 23:19,C,3.56
1/20/2022 0:59,C,2.556
1/20/2022 2:39,C,2.054
1/20/2022 4:19,C,1.051
1/20/2022 5:59,C,0.549
1/20/2022 7:39,C,0.549
1/20/2022 9:19,C,1.552
1/20/2022 10:59,C,2.054
1/20/2022 12:39,C,3.058
1/20/2022 14:19,C,4.061
1/20/2022 15:59,C,4.563
1/20/2022 17:39,C,5.065
1/20/2022 19:19,C,4.061
1/20/2022 20:59,C,3.058
1/20/2022 22:39,C,2.556
1/21/2022 0:19,C,1.552
1/21/2022 1:59,C,0.549
1/21/2022 3:39,C,0.047
1/21/2022 5:19,C,-0.455
1/21/2022 6:59,C,-0.455
1/21/2022 8:39,C,-0.455
1/21/2022 10:19,C,1.552
1/21/2022 11:59,C,3.058
1/21/2022 13:39,C,4.061
1/21/2022 15:19,C,4.061
1/21/2022 16:59,C,3.56
1/21/2022 18:39,C,3.56
1/21/2022 20:19,C,3.058
1/21/2022 21:59,C,3.058
1/21/2022 23:39,C,2.556
1/22/2022 1:19,C,2.054
1/22/2022 2:59,C,2.054
1/22/2022 4:39,C,2.054
1/22/2022 6:19,C,2.054
1/22/2022 7:59,C,1.552
1/22/2022 9:39,C,1.552
1/22/2022 11:19,C,2.054
1/22/2022 12:59,C,2.556
1/22/2022 14:39,C,2.556
1/22/2022 16:19,C,3.058
1/22/2022 17:59,C,3.058
1/22/2022 19:39,C,3.058
1/22/2022 21:19,C,3.058
1/22/2022 22:59,C,3.56
1/23/2022 0:39,C,3.56
1/23/2022 2:19,C,3.058
1/23/2022 3:59,C,3.058
1/23/2022 5:39,C,3.058
1/23/2022 7:19,C,3.058
1/23/2022 8:59,C,3.058
1/23/2022 10:39,C,4.061
1/23/2022 12:19,C,5.065
1/23/2022 13:59,C,5.566
1/23/2022 15:39,C,6.068
1/23/2022 17:19,C,6.068
1/23/2022 18:59,C,5.566
1/23/2022 20:39,C,4.061
1/23/2022 22:19,C,3.56
1/23/2022 23:59,C,2.556
1/24/2022 1:39,C,1.552
1/24/2022 3:19,C,0.549
1/24/2022 4:59,C,0.047
1/24/2022 6:39,C,-0.455
1/24/2022 8:19,C,-0.957
1/24/2022 9:59,C,0.549
1/24/2022 11:39,C,2.556
1/24/2022 13:19,C,4.563
1/24/2022 14:59,C,6.068
1/24/2022 16:39,C,6.569
1/24/2022 18:19,C,6.569
1/24/2022 19:59,C,5.566
1/24/2022 21:39,C,5.065
1/24/2022 23:19,C,4.563
1/25/2022 0:59,C,4.061
1/25/2022 2:39,C,3.56
1/25/2022 4:19,C,3.058
1/25/2022 5:59,C,2.054
1/25/2022 7:39,C,1.552
1/25/2022 9:19,C,2.054
1/25/2022 10:59,C,3.058
1/25/2022 12:39,C,4.563
1/25/2022 14:19,C,5.065
1/25/2022 15:59,C,6.068
1/25/2022 17:39,C,5.566
1/25/2022 19:19,C,4.563
1/25/2022 20:59,C,4.061
1/25/2022 22:39,C,3.56
1/26/2022 0:19,C,3.56
1/26/2022 1:59,C,3.058
1/26/2022 3:39,C,2.054
1/26/2022 5:19,C,1.552
1/26/2022 6:59,C,0.549
1/26/2022 8:39,C,0.549
1/26/2022 10:19,C,1.552
1/26/2022 11:59,C,2.556
1/26/2022 13:39,C,3.058
1/26/2022 15:19,C,4.061
1/26/2022 16:59,C,4.061
1/26/2022 18:39,C,4.061
1/26/2022 20:19,C,3.058
1/26/2022 21:59,C,2.054
1/26/2022 23:39,C,1.051
1/27/2022 1:19,C,0.047
1/27/2022 2:59,C,-0.957
1/27/2022 4:39,C,-1.46
1/27/2022 6:19,C,-2.464
1/27/2022 7:59,C,-2.966
1/27/2022 9:39,C,-1.962
1/27/2022 11:19,C,0.047
1/27/2022 12:59,C,2.556
1/27/2022 14:39,C,3.56
1/27/2022 16:19,C,4.061
1/27/2022 17:59,C,3.56
1/27/2022 19:39,C,2.556
1/27/2022 21:19,C,2.054
1/27/2022 22:59,C,1.552
1/28/2022 0:39,C,1.552
1/28/2022 2:19,C,1.051
1/28/2022 3:59,C,0.549
1/28/2022 5:39,C,0.549
1/28/2022 7:19,C,0.047
1/28/2022 8:59,C,0.047
1/28/2022 10:39,C,0.549
1/28/2022 12:19,C,1.552
1/28/2022 13:59,C,2.556
1/28/2022 15:39,C,3.058
1/28/2022 17:19,C,3.058
1/28/2022 18:59,C,2.556
1/28/2022 20:39,C,2.556
1/28/2022 22:19,C,2.556
1/28/2022 23:59,C,2.556
1/29/2022 1:39,C,2.556
1/29/2022 3:19,C,2.556
1/29/2022 4:59,C,2.054
1/29/2022 6:39,C,2.054
1/29/2022 8:19,C,2.054
1/29/2022 9:59,C,2.556
1/29/2022 11:39,C,3.56
1/29/2022 13:19,C,4.563
1/29/2022 14:59,C,5.065
1/29/2022 16:39,C,5.566
1/29/2022 18:19,C,5.065
1/29/2022 19:59,C,4.563
1/29/2022 21:39,C,4.563
1/29/2022 23:19,C,4.061
1/30/2022 0:59,C,3.56
1/30/2022 2:39,C,3.56
1/30/2022 4:19,C,3.56
1/30/2022 5:59,C,3.56
1/30/2022 7:39,C,3.56
1/30/2022 9:19,C,3.56
1/30/2022 10:59,C,4.061
1/30/2022 12:39,C,5.065
1/30/2022 14:19,C,6.068
1/30/2022 15:59,C,6.569
1/30/2022 17:39,C,6.569
1/30/2022 19:19,C,5.566
1/30/2022 20:59,C,4.563
1/30/2022 22:39,C,3.56
1/31/2022 0:19,C,3.058
1/31/2022 1:59,C,2.054
1/31/2022 3:39,C,1.051
1/31/2022 5:19,C,0.047
1/31/2022 6:59,C,-0.455
1/31/2022 8:39,C,0.047
1/31/2022 10:19,C,2.054
1/31/2022 11:59,C,4.563
1/31/2022 13:39,C,6.068
1/31/2022 15:19,C,7.071
1/31/2022 16:59,C,7.071
1/31/2022 18:39,C,6.569
1/31/2022 20:19,C,6.068
1/31/2022 21:59,C,6.068
1/31/2022 23:39,C,5.566
2/1/2022 1:19,C,5.065
2/1/2022 2:59,C,5.065
2/1/2022 4:39,C,4.563
2/1/2022 6:19,C,4.061
2/1/2022 7:59,C,4.061
2/1/2022 9:39,C,4.563
2/1/2022 11:19,C,5.566
2/1/2022 12:59,C,6.569
2/1/2022 14:39,C,6.068
2/1/2022 16:19,C,6.068
2/1/2022 17:59,C,6.068
2/1/2022 19:39,C,5.566
2/1/2022 21:19,C,5.566
2/1/2022 22:59,C,5.065
2/2/2022 0:39,C,4.563
2/2/2022 2:19,C,4.061
2/2/2022 3:59,C,3.058
2/2/2022 5:39,C,2.054
2/2/2022 7:19,C,1.051
2/2/2022 8:59,C,0.549
2/2/2022 10:39,C,1.051
2/2/2022 12:19,C,1.552
2/2/2022 13:59,C,1.552
2/2/2022 15:39,C,1.552
2/2/2022 17:19,C,1.051
2/2/2022 18:59,C,0.047
2/2/2022 20:39,C,-0.455
2/2/2022 22:19,C,-0.957
2/2/2022 23:59,C,-1.962
2/3/2022 1:39,C,-2.464
2/3/2022 3:19,C,-2.966
2/3/2022 4:59,C,-3.468
2/3/2022 6:39,C,-3.971
2/3/2022 8:19,C,-4.473
2/3/2022 9:59,C,-3.468
2/3/2022 11:39,C,-2.966
2/3/2022 13:19,C,-1.962
2/3/2022 14:59,C,-1.46
2/3/2022 16:39,C,-0.957
2/3/2022 18:19,C,-1.46
2/3/2022 19:59,C,-1.962
2/3/2022 21:39,C,-1.962
2/3/2022 23:19,C,-1.962
2/4/2022 0:59,C,-1.962
2/4/2022 2:39,C,-2.464
2/4/2022 4:19,C,-2.464
2/4/2022 5:59,C,-2.464
2/4/2022 7:39,C,-2.966
2/4/2022 9:19,C,-2.464
2/4/2022 10:59,C,-1.46
2/4/2022 12:39,C,-0.455
2/4/2022 14:19,C,0.549
2/4/2022 15:59,C,1.051
2/4/2022 17:39,C,1.051
2/4/2022 19:19,C,0.549
2/4/2022 20:59,C,0.549
2/4/2022 22:39,C,0.047
2/5/2022 0:19,C,0.047
2/5/2022 1:59,C,0.047
2/5/2022 3:39,C,-1.46
2/5/2022 5:19,C,-2.464
2/5/2022 6:59,C,-3.468
2/5/2022 8:39,C,-3.971
2/5/2022 10:19,C,-1.46
2/5/2022 11:59,C,0.549
2/5/2022 13:39,C,2.054
2/5/2022 15:19,C,3.058
2/5/2022 16:59,C,3.56
2/5/2022 18:39,C,3.058
2/5/2022 20:19,C,3.058
2/5/2022 21:59,C,3.058
2/5/2022 23:39,C,3.56
2/6/2022 1:19,C,3.058
2/6/2022 2:59,C,2.054
2/6/2022 4:39,C,1.051
2/6/2022 6:19,C,0.047
2/6/2022 7:59,C,0.047
2/6/2022 9:39,C,1.552
2/6/2022 11:19,C,2.556
2/6/2022 12:59,C,3.56
2/6/2022 14:39,C,4.061
2/6/2022 16:19,C,4.061
2/6/2022 17:59,C,4.061
2/6/2022 19:39,C,3.56
2/6/2022 21:19,C,3.56
2/6/2022 22:59,C,3.058
2/7/2022 0:39,C,3.058
2/7/2022 2:19,C,2.556
2/7/2022 3:59,C,2.556
2/7/2022 5:39,C,2.054
2/7/2022 7:19,C,2.054
2/7/2022 8:59,C,2.054
2/7/2022 10:39,C,3.058
2/7/2022 12:19,C,4.061
2/7/2022 13:59,C,5.065
2/7/2022 15:39,C,5.566
2/7/2022 17:19,C,6.068
2/7/2022 18:59,C,5.065
2/7/2022 20:39,C,4.563
2/7/2022 22:19,C,3.058
2/7/2022 23:59,C,2.054
2/8/2022 1:39,C,1.051
2/8/2022 3:19,C,0.047
2/8/2022 4:59,C,-0.957
2/8/2022 6:39,C,-1.46
2/8/2022 8:19,C,-1.962
2/8/2022 9:59,C,0.549
2/8/2022 11:39,C,3.56
2/8/2022 13:19,C,5.065
2/8/2022 14:59,C,6.569
2/8/2022 16:39,C,7.071
2/8/2022 18:19,C,7.071
2/8/2022 19:59,C,6.569
2/8/2022 21:39,C,6.068
2/8/2022 23:19,C,6.068
2/9/2022 0:59,C,6.068
2/9/2022 2:39,C,6.068
2/9/2022 4:19,C,5.065
2/9/2022 5:59,C,4.563
2/9/2022 7:39,C,3.56
2/9/2022 9:19,C,4.061
2/9/2022 10:59,C,6.569
2/9/2022 12:39,C,8.074
2/9/2022 14:19,C,9.076
2/9/2022 15:59,C,9.577
2/9/2022 17:39,C,9.577
2/9/2022 19:19,C,8.575
2/9/2022 20:59,C,8.074
2/9/2022 22:39,C,7.071
2/10/2022 0:19,C,7.071
2/10/2022 1:59,C,7.071
2/10/2022 3:39,C,7.071
2/10/2022 5:19,C,6.569
2/10/2022 6:59,C,6.569
2/10/2022 8:39,C,6.569
2/10/2022 10:19,C,7.071
2/10/2022 11:59,C,8.074
2/10/2022 13:39,C,9.076
2/10/2022 15:19,C,9.577
2/10/2022 16:59,C,10.079
2/10/2022 18:39,C,9.577
2/10/2022 20:19,C,8.074
2/10/2022 21:59,C,7.071
2/10/2022 23:39,C,6.068
2/11/2022 1:19,C,5.065
2/11/2022 2:59,C,4.061
2/11/2022 4:39,C,3.56
2/11/2022 6:19,C,2.556
2/11/2022 7:59,C,1.552
2/11/2022 9:39,C,3.058
2/11/2022 11:19,C,6.068
2/11/2022 12:59,C,8.074
2/11/2022 14:39,C,9.577
2/11/2022 16:19,C,10.079
2/11/2022 17:59,C,10.079
2/11/2022 19:39,C,9.076
2/11/2022 21:19,C,8.074
2/11/2022 22:59,C,7.071
2/12/2022 0:39,C,7.572
2/12/2022 2:19,C,7.572
2/12/2022 3:59,C,7.071
2/12/2022 5:39,C,6.569
2/12/2022 7:19,C,6.068
2/12/2022 8:59,C,6.068
2/12/2022 10:39,C,6.569
2/12/2022 12:19,C,7.572
2/12/2022 13:59,C,8.074
2/12/2022 15:39,C,9.076
2/12/2022 17:19,C,9.076
2/12/2022 18:59,C,8.575
2/12/2022 20:39,C,7.071
2/12/2022 22:19,C,5.566
2/12/2022 23:59,C,4.563
2/13/2022 1:39,C,3.058
2/13/2022 3:19,C,2.054
2/13/2022 4:59,C,0.549
2/13/2022 6:39,C,-0.455
2/13/2022 8:19,C,-0.957
2/13/2022 9:59,C,1.051
2/13/2022 11:39,C,4.563
2/13/2022 13:19,C,6.569
2/13/2022 14:59,C,8.575
2/13/2022 16:39,C,9.076
2/13/2022 18:19,C,8.575
2/13/2022 19:59,C,7.572
2/13/2022 21:39,C,6.068
2/13/2022 23:19,C,5.065
2/14/2022 0:59,C,4.061
2/14/2022 2:39,C,3.058
2/14/2022 4:19,C,1.552
2/14/2022 5:59,C,0.549
2/14/2022 7:39,C,-0.455
2/14/2022 9:19,C,0.549
2/14/2022 10:59,C,4.061
2/14/2022 12:39,C,6.569
2/14/2022 14:19,C,8.074
2/14/2022 15:59,C,8.575
2/14/2022 17:39,C,8.575
2/14/2022 19:19,C,8.074
2/14/2022 20:59,C,7.572
2/14/2022 22:39,C,7.572
2/15/2022 0:19,C,7.572
2/15/2022 1:59,C,7.071
2/15/2022 3:39,C,7.071
2/15/2022 5:19,C,6.569
2/15/2022 6:59,C,6.068
2/15/2022 8:39,C,6.068
2/15/2022 10:19,C,7.071
2/15/2022 11:59,C,8.074
2/15/2022 13:39,C,9.076
2/15/2022 15:19,C,9.076
2/15/2022 16:59,C,9.076
2/15/2022 18:39,C,8.575
2/15/2022 20:19,C,8.074
2/15/2022 21:59,C,7.071
2/15/2022 23:39,C,6.068
2/16/2022 1:19,C,5.566
2/16/2022 2:59,C,4.563
2/16/2022 4:39,C,4.061
2/16/2022 6:19,C,3.56
2/16/2022 7:59,C,3.058
2/16/2022 9:39,C,3.56
2/16/2022 11:19,C,5.065
2/16/2022 12:59,C,6.068
2/16/2022 14:39,C,6.068
2/16/2022 16:19,C,5.566
2/16/2022 17:59,C,5.065
2/16/2022 19:39,C,4.061
2/16/2022 21:19,C,3.56
2/16/2022 22:59,C,2.556
2/17/2022 0:39,C,2.054
2/17/2022 2:19,C,1.051
2/17/2022 3:59,C,0.047
2/17/2022 5:39,C,-0.957
2/17/2022 7:19,C,-0.957
2/17/2022 8:59,C,-0.455
2/17/2022 10:39,C,0.549
2/17/2022 12:19,C,1.552
2/17/2022 13:59,C,2.054
2/17/2022 15:39,C,3.058
2/17/2022 17:19,C,3.058
2/17/2022 18:59,C,2.556
2/17/2022 20:39,C,2.054
2/17/2022 22:19,C,1.051
2/17/2022 23:59,C,0.047
2/18/2022 1:39,C,-0.957
2/18/2022 3:19,C,-1.962
2/18/2022 4:59,C,-2.464
2/18/2022 6:39,C,-3.468
2/18/2022 8:19,C,-3.468
2/18/2022 9:59,C,-1.46
2/18/2022 11:39,C,1.552
2/18/2022 13:19,C,2.556
2/18/2022 14:59,C,3.56
2/18/2022 16:39,C,4.563
2/18/2022 18:19,C,4.061
2/18/2022 19:59,C,4.061
2/18/2022 21:39,C,3.56
2/18/2022 23:19,C,2.556
2/19/2022 0:59,C,1.552
2/19/2022 2:39,C,0.549
2/19/2022 4:19,C,0.047
2/19/2022 5:59,C,-0.455
2/19/2022 7:39,C,-0.957
2/19/2022 9:19,C,0.047
2/19/2022 10:59,C,2.556
2/19/2022 12:39,C,4.563
2/19/2022 14:19,C,6.068
2/19/2022 15:59,C,7.071
2/19/2022 17:39,C,7.071
2/19/2022 19:19,C,6.569
2/19/2022 20:59,C,5.566
2/19/2022 22:39,C,4.563
2/20/2022 0:19,C,3.56
2/20/2022 1:59,C,3.058
2/20/2022 3:39,C,2.054
2/20/2022 5:19,C,1.051
2/20/2022 6:59,C,0.549
2/20/2022 8:39,C,0.047
2/20/2022 10:19,C,2.054
2/20/2022 11:59,C,5.065
2/20/2022 13:39,C,6.569
2/20/2022 15:19,C,7.071
2/20/2022 16:59,C,7.572
2/20/2022 18:39,C,7.071
2/20/2022 20:19,C,6.569
2/20/2022 21:59,C,6.068
2/20/2022 23:39,C,5.566
2/21/2022 1:19,C,5.566
2/21/2022 2:59,C,5.065
2/21/2022 4:39,C,5.065
2/21/2022 6:19,C,4.563
2/21/2022 7:59,C,4.563
2/21/2022 9:39,C,5.065
2/21/2022 11:19,C,5.566
2/21/2022 12:59,C,6.569
2/21/2022 14:39,C,7.071
2/21/2022 16:19,C,6.569
2/21/2022 17:59,C,6.068
2/21/2022 19:39,C,5.566
2/21/2022 21:19,C,5.566
2/21/2022 22:59,C,5.065
2/22/2022 0:39,C,4.563
2/22/2022 2:19,C,4.563
2/22/2022 3:59,C,4.061
2/22/2022 5:39,C,3.56
2/22/2022 7:19,C,3.058
2/22/2022 8:59,C,3.058
2/22/2022 10:39,C,3.058
2/22/2022 12:19,C,3.56
2/22/2022 13:59,C,3.56
2/22/2022 15:39,C,3.56
2/22/2022 17:19,C,3.56
2/22/2022 18:59,C,3.058
2/22/2022 20:39,C,2.556
2/22/2022 22:19,C,2.556
2/22/2022 23:59,C,2.556
2/23/2022 1:39,C,2.054
2/23/2022 3:19,C,2.054
2/23/2022 4:59,C,1.552
2/23/2022 6:39,C,1.051
2/23/2022 8:19,C,0.549
2/23/2022 9:59,C,0.549
2/23/2022 11:39,C,0.549
2/23/2022 13:19,C,0.047
2/23/2022 14:59,C,0.047
2/23/2022 16:39,C,0.047
2/23/2022 18:19,C,-0.957
2/23/2022 19:59,C,-1.46
2/23/2022 21:39,C,-1.962
2/23/2022 23:19,C,-2.464
2/24/2022 0:59,C,-2.966
2/24/2022 2:39,C,-3.468
2/24/2022 4:19,C,-3.468
2/24/2022 5:59,C,-4.473
2/24/2022 7:39,C,-4.975
2/24/2022 9:19,C,-3.971
2/24/2022 10:59,C,-2.464
2/24/2022 12:39,C,-1.46
2/24/2022 14:19,C,-0.957
2/24/2022 15:59,C,-0.455
2/24/2022 17:39,C,0.047
2/24/2022 19:19,C,-0.455
2/24/2022 20:59,C,-0.957
2/24/2022 22:39,C,-1.46
2/25/2022 0:19,C,-2.966
2/25/2022 1:59,C,-3.971
2/25/2022 3:39,C,-5.478
2/25/2022 5:19,C,-6.483
2/25/2022 6:59,C,-7.488
2/25/2022 8:39,C,-6.985
2/25/2022 10:19,C,-4.473
2/25/2022 11:59,C,-2.464
2/25/2022 13:39,C,-1.46
2/25/2022 15:19,C,-0.455
2/25/2022 16:59,C,0.549
2/25/2022 18:39,C,0.549
2/25/2022 20:19,C,0.047
2/25/2022 21:59,C,-0.455
2/25/2022 23:39,C,-0.957
2/26/2022 1:19,C,-1.962
2/26/2022 2:59,C,-2.966
2/26/2022 4:39,C,-3.971
2/26/2022 6:19,C,-4.975
2/26/2022 7:59,C,-4.975
2/26/2022 9:39,C,-2.966
2/26/2022 11:19,C,-1.46
2/26/2022 12:59,C,-0.957
2/26/2022 14:39,C,0.047
2/26/2022 16:19,C,0.549
2/26/2022 17:59,C,1.051
2/26/2022 19:39,C,0.549
2/26/2022 21:19,C,0.047
2/26/2022 22:59,C,0.047
2/27/2022 0:39,C,0.047
2/27/2022 2:19,C,-0.455
2/27/2022 3:59,C,-0.957
2/27/2022 5:39,C,-2.966
2/27/2022 7:19,C,-4.473
2/27/2022 8:59,C,-2.966
2/27/2022 10:39,C,-0.957
2/27/2022 12:19,C,0.549
2/27/2022 13:59,C,1.552
2/27/2022 15:39,C,2.054
2/27/2022 17:19,C,2.556
2/27/2022 18:59,C,2.054
2/27/2022 20:39,C,1.552
2/27/2022 22:19,C,1.552
2/27/2022 23:59,C,1.051
2/28/2022 1:39,C,0.549
2/28/2022 3:19,C,0.047
2/28/2022 4:59,C,-0.455
2/28/2022 6:39,C,-0.957
2/28/2022 8:19,C,0.549
2/28/2022 9:59,C,2.556
2/28/2022 11:39,C,3.56
2/28/2022 13:19,C,4.563
2/28/2022 14:59,C,5.566
2/28/2022 16:39,C,6.068
2/28/2022 18:19,C,6.068
2/28/2022 19:59,C,5.566
2/28/2022 21:39,C,4.563
2/28/2022 23:19,C,4.563
3/1/2022 0:59,C,5.065
3/1/2022 2:39,C,5.065
3/1/2022 4:19,C,5.065
3/1/2022 5:59,C,5.065
3/1/2022 7:39,C,4.563
3/1/2022 9:19,C,5.566
3/1/2022 10:59,C,6.569
3/1/2022 12:39,C,7.572
3/1/2022 14:19,C,8.575
3/1/2022 15:59,C,9.076
3/1/2022 17:39,C,9.577
3/1/2022 19:19,C,9.076
3/1/2022 20:59,C,7.572
3/1/2022 22:39,C,6.068
3/2/2022 0:19,C,5.065
3/2/2022 1:59,C,4.061
3/2/2022 3:39,C,3.058
3/2/2022 5:19,C,2.054
3/2/2022 6:59,C,1.051
3/2/2022 8:39,C,1.552
3/2/2022 10:19,C,4.563
3/2/2022 11:59,C,6.569
3/2/2022 13:39,C,7.572
3/2/2022 15:19,C,8.575
3/2/2022 16:59,C,9.076
3/2/2022 18:39,C,9.076
3/2/2022 20:19,C,8.074
3/2/2022 21:59,C,6.569
3/2/2022 23:39,C,5.566
3/3/2022 1:19,C,5.065
3/3/2022 2:59,C,4.061
3/3/2022 4:39,C,3.56
3/3/2022 6:19,C,3.058
3/3/2022 7:59,C,3.058
3/3/2022 9:39,C,5.065
3/3/2022 11:19,C,7.071
3/3/2022 12:59,C,9.076
3/3/2022 14:39,C,10.079
3/3/2022 16:19,C,10.58
3/3/2022 17:59,C,10.079
3/3/2022 19:39,C,9.577
3/3/2022 21:19,C,8.575
3/3/2022 22:59,C,7.572
3/4/2022 0:39,C,8.074
3/4/2022 2:19,C,8.074
3/4/2022 3:59,C,7.572
3/4/2022 5:39,C,7.071
3/4/2022 7:19,C,7.071
3/4/2022 8:59,C,7.572
3/4/2022 10:39,C,8.074
3/4/2022 12:19,C,8.074
3/4/2022 13:59,C,7.572
3/4/2022 15:39,C,6.569
3/4/2022 17:19,C,6.068
3/4/2022 18:59,C,5.566
3/4/2022 20:39,C,5.065
3/4/2022 22:19,C,4.563
3/4/2022 23:59,C,4.563
3/5/2022 1:39,C,4.061
3/5/2022 3:19,C,4.061
3/5/2022 4:59,C,4.061
3/5/2022 6:39,C,3.56
3/5/2022 8:19,C,3.56
3/5/2022 9:59,C,3.56
3/5/2022 11:39,C,4.061
3/5/2022 13:19,C,4.061
3/5/2022 14:59,C,3.56
3/5/2022 16:39,C,4.061
3/5/2022 18:19,C,3.56
3/5/2022 19:59,C,3.56
3/5/2022 21:39,C,3.058
3/5/2022 23:19,C,2.556
3/6/2022 0:59,C,2.054
3/6/2022 2:39,C,1.051
3/6/2022 4:19,C,0.549
3/6/2022 5:59,C,-0.455
3/6/2022 7:39,C,-0.455
3/6/2022 9:19,C,-0.455
3/6/2022 10:59,C,0.047
3/6/2022 12:39,C,0.549
3/6/2022 14:19,C,1.552
3/6/2022 15:59,C,2.054
3/6/2022 17:39,C,2.054
3/6/2022 19:19,C,1.552
3/6/2022 20:59,C,1.552
3/6/2022 22:39,C,2.054
3/7/2022 0:19,C,1.552
3/7/2022 1:59,C,1.051
3/7/2022 3:39,C,0.047
3/7/2022 5:19,C,-0.957
3/7/2022 6:59,C,-0.957
3/7/2022 8:39,C,-0.455
3/7/2022 10:19,C,1.051
3/7/2022 11:59,C,1.552
3/7/2022 13:39,C,2.556
3/7/2022 15:19,C,2.054
3/7/2022 16:59,C,1.552
3/7/2022 18:39,C,1.552
3/7/2022 20:19,C,1.051
3/7/2022 21:59,C,0.549
3/7/2022 23:39,C,0.047
3/8/2022 1:19,C,-0.957
3/8/2022 2:59,C,-0.957
3/8/2022 4:39,C,-0.957
3/8/2022 6:19,C,-1.46
3/8/2022 7:59,C,-1.46
3/8/2022 9:39,C,-0.957
3/8/2022 11:19,C,0.047
3/8/2022 12:59,C,0.549
3/8/2022 14:39,C,1.051
3/8/2022 16:19,C,2.054
3/8/2022 17:59,C,2.556
3/8/2022 19:39,C,2.054
3/8/2022 21:19,C,1.552
3/8/2022 22:59,C,1.552
3/9/2022 0:39,C,1.051
3/9/2022 2:19,C,0.047
3/9/2022 3:59,C,-0.455
3/9/2022 5:39,C,-0.957
3/9/2022 7:19,C,-0.957
3/9/2022 8:59,C,0.047
3/9/2022 10:39,C,2.054
3/9/2022 12:19,C,3.058
3/9/2022 13:59,C,4.061
3/9/2022 15:39,C,5.065
3/9/2022 17:19,C,5.566
3/9/2022 18:59,C,5.065
3/9/2022 20:39,C,5.065
3/9/2022 22:19,C,4.563
3/9/2022 23:59,C,4.061
3/10/2022 1:39,C,4.061
3/10/2022 3:19,C,3.56
3/10/2022 4:59,C,3.56
3/10/2022 6:39,C,3.56
3/10/2022 8:19,C,3.56
3/10/2022 9:59,C,3.058
3/10/2022 11:39,C,3.56
3/10/2022 13:19,C,3.56
3/10/2022 14:59,C,4.061
3/10/2022 16:39,C,3.56
3/10/2022 18:19,C,3.058
3/10/2022 19:59,C,2.556
3/10/2022 21:39,C,2.054
3/10/2022 23:19,C,1.552
3/11/2022 0:59,C,1.051
3/11/2022 2:39,C,0.047
3/11/2022 4:19,C,-0.455
3/11/2022 5:59,C,-0.957
3/11/2022 7:39,C,-1.46
3/11/2022 9:19,C,-0.455
3/11/2022 10:59,C,0.047
3/11/2022 12:39,C,0.549
3/11/2022 14:19,C,1.552
3/11/2022 15:59,C,2.556
3/11/2022 17:39,C,3.058
3/11/2022 19:19,C,2.556
3/11/2022 20:59,C,1.552
3/11/2022 22:39,C,1.051
3/12/2022 0:19,C,0.549
3/12/2022 1:59,C,0.047
3/12/2022 3:39,C,-0.957
3/12/2022 5:19,C,-1.46
3/12/2022 6:59,C,-1.962
3/12/2022 8:39,C,-0.957
3/12/2022 10:19,C,1.051
3/12/2022 11:59,C,3.058
3/12/2022 13:39,C,4.061
3/12/2022 15:19,C,5.065
3/12/2022 16:59,C,6.068
3/12/2022 18:39,C,6.068
3/12/2022 20:19,C,5.065
3/12/2022 21:59,C,4.563
3/12/2022 23:39,C,3.56
3/13/2022 1:19,C,3.058
3/13/2022 2:59,C,2.054
3/13/2022 4:39,C,1.051
3/13/2022 6:19,C,0.549
3/13/2022 7:59,C,0.549
3/13/2022 9:39,C,2.556
3/13/2022 11:19,C,5.065
3/13/2022 12:59,C,6.068
3/13/2022 14:39,C,7.071
3/13/2022 16:19,C,7.572
3/13/2022 17:59,C,7.572
3/13/2022 19:39,C,7.071
3/13/2022 21:19,C,7.071
3/13/2022 22:59,C,6.068
3/14/2022 0:39,C,4.563
3/14/2022 2:19,C,4.061
3/14/2022 3:59,C,3.058
3/14/2022 5:39,C,3.058
3/14/2022 7:19,C,2.054
3/14/2022 8:59,C,3.56
3/14/2022 10:39,C,5.065
3/14/2022 12:19,C,6.068
3/14/2022 13:59,C,7.071
3/14/2022 15:39,C,8.074
3/14/2022 17:19,C,8.575
3/14/2022 18:59,C,8.575
3/14/2022 20:39,C,7.572
3/14/2022 22:19,C,6.569
3/14/2022 23:59,C,5.566
3/15/2022 1:39,C,4.563
3/15/2022 3:19,C,4.061
3/15/2022 4:59,C,3.058
3/15/2022 6:39,C,2.556
3/15/2022 8:19,C,3.058
3/15/2022 9:59,C,5.065
3/15/2022 11:39,C,7.572
3/15/2022 13:19,C,9.577
3/15/2022 14:59,C,10.58
3/15/2022 16:39,C,11.081
3/15/2022 18:19,C,11.081
3/15/2022 19:59,C,10.079
3/15/2022 21:39,C,9.577
3/15/2022 23:19,C,8.074
3/16/2022 0:59,C,7.071
3/16/2022 2:39,C,6.569
3/16/2022 4:19,C,6.068
3/16/2022 5:59,C,5.566
3/16/2022 7:39,C,5.065
3/16/2022 9:19,C,7.071
3/16/2022 10:59,C,9.076
3/16/2022 12:39,C,9.577
3/16/2022 14:19,C,10.079
3/16/2022 15:59,C,9.577
3/16/2022 17:39,C,10.079
3/16/2022 19:19,C,9.577
3/16/2022 20:59,C,9.076
3/16/2022 22:39,C,8.074
3/17/2022 0:19,C,7.572
3/17/2022 1:59,C,6.068
3/17/2022 3:39,C,5.065
3/17/2022 5:19,C,4.061
3/17/2022 6:59,C,3.56
3/17/2022 8:39,C,4.563
3/17/2022 10:19,C,6.068
3/17/2022 11:59,C,7.071
3/17/2022 13:39,C,8.074
3/17/2022 15:19,C,9.076
3/17/2022 16:59,C,9.076
3/17/2022 18:39,C,9.076
3/17/2022 20:19,C,8.074
3/17/2022 21:59,C,7.071
3/17/2022 23:39,C,6.068
3/18/2022 1:19,C,5.065
3/18/2022 2:59,C,4.061
3/18/2022 4:39,C,3.058
3/18/2022 6:19,C,2.054
3/18/2022 7:59,C,2.556
3/18/2022 9:39,C,4.563
3/18/2022 11:19,C,7.071
3/18/2022 12:59,C,8.575
3/18/2022 14:39,C,9.577
3/18/2022 16:19,C,10.079
3/18/2022 17:59,C,10.079
3/18/2022 19:39,C,9.577
3/18/2022 21:19,C,8.074
3/18/2022 22:59,C,6.569
3/19/2022 0:39,C,5.566
3/19/2022 2:19,C,4.563
3/19/2022 3:59,C,3.56
3/19/2022 5:39,C,2.556
3/19/2022 7:19,C,2.054
3/19/2022 8:59,C,3.56
3/19/2022 10:39,C,6.569
3/19/2022 12:19,C,8.074
3/19/2022 13:59,C,9.577
3/19/2022 15:39,C,10.079
3/19/2022 17:19,C,10.079
3/19/2022 18:59,C,9.577
3/19/2022 20:39,C,8.575
3/19/2022 22:19,C,8.074
3/19/2022 23:59,C,7.572
3/20/2022 1:39,C,7.071
3/20/2022 3:19,C,7.572
3/20/2022 4:59,C,7.572
3/20/2022 6:39,C,7.071
3/20/2022 8:19,C,8.074
3/20/2022 9:59,C,8.575
3/20/2022 11:39,C,9.577
3/20/2022 13:19,C,10.079
3/20/2022 14:59,C,9.076
3/20/2022 16:39,C,8.074
3/20/2022 18:19,C,7.572
3/20/2022 19:59,C,7.071
3/20/2022 21:39,C,6.569
3/20/2022 23:19,C,6.068
3/21/2022 0:59,C,5.566
3/21/2022 2:39,C,5.065
3/21/2022 4:19,C,4.563
3/21/2022 5:59,C,3.56
3/21/2022 7:39,C,3.56
3/21/2022 9:19,C,5.065
3/21/2022 10:59,C,6.068
3/21/2022 12:39,C,7.572
3/21/2022 14:19,C,8.575
3/21/2022 15:59,C,9.076
3/21/2022 17:39,C,9.577
3/21/2022 19:19,C,9.076
3/21/2022 20:59,C,8.074
3/21/2022 22:39,C,8.074
3/22/2022 0:19,C,7.572
3/22/2022 1:59,C,7.572
3/22/2022 3:39,C,7.572
3/22/2022 5:19,C,7.071
3/22/2022 6:59,C,6.569
3/22/2022 8:39,C,7.572
3/22/2022 10:19,C,8.074
3/22/2022 11:59,C,8.575
3/22/2022 13:39,C,9.577
3/22/2022 15:19,C,10.079
3/22/2022 16:59,C,10.079
3/22/2022 18:39,C,10.079
3/22/2022 20:19,C,9.577
3/22/2022 21:59,C,9.076
3/22/2022 23:39,C,8.575
3/23/2022 1:19,C,8.074
3/23/2022 2:59,C,7.071
3/23/2022 4:39,C,6.569
3/23/2022 6:19,C,6.068
3/23/2022 7:59,C,6.068
3/23/2022 9:39,C,7.071
3/23/2022 11:19,C,8.074
3/23/2022 12:59,C,9.577
3/23/2022 14:39,C,10.58
3/23/2022 16:19,C,11.582
3/23/2022 17:59,C,11.582
3/23/2022 19:39,C,11.081
3/23/2022 21:19,C,9.577
3/23/2022 22:59,C,8.074
3/24/2022 0:39,C,7.071
3/24/2022 2:19,C,6.068
3/24/2022 3:59,C,5.065
3/24/2022 5:39,C,4.061
3/24/2022 7:19,C,3.56
3/24/2022 8:59,C,5.566
3/24/2022 10:39,C,8.575
3/24/2022 12:19,C,11.081
3/24/2022 13:59,C,12.584
3/24/2022 15:39,C,13.586
3/24/2022 17:19,C,14.087
3/24/2022 18:59,C,13.586
3/24/2022 20:39,C,12.584
3/24/2022 22:19,C,11.081
3/24/2022 23:59,C,10.079
3/25/2022 1:39,C,8.575
3/25/2022 3:19,C,7.572
3/25/2022 4:59,C,6.068
3/25/2022 6:39,C,5.566
3/25/2022 8:19,C,6.569
3/25/2022 9:59,C,9.076
3/25/2022 11:39,C,11.582
3/25/2022 13:19,C,13.586
3/25/2022 14:59,C,14.588
3/25/2022 16:39,C,15.59
3/25/2022 18:19,C,15.089
3/25/2022 19:59,C,14.588
3/25/2022 21:39,C,13.085
3/25/2022 23:19,C,11.582
3/26/2022 0:59,C,10.58
3/26/2022 2:39,C,9.076
3/26/2022 4:19,C,7.572
3/26/2022 5:59,C,6.569
3/26/2022 7:39,C,6.569
3/26/2022 9:19,C,9.076
3/26/2022 10:59,C,11.582
3/26/2022 12:39,C,13.586
3/26/2022 14:19,C,15.089
3/26/2022 15:59,C,16.09
3/26/2022 17:39,C,16.09
3/26/2022 19:19,C,15.089
3/26/2022 20:59,C,14.588
3/26/2022 22:39,C,13.586
3/27/2022 0:19,C,12.083
3/27/2022 1:59,C,11.081
3/27/2022 3:39,C,9.577
3/27/2022 5:19,C,8.575
3/27/2022 6:59,C,7.071
3/27/2022 8:39,C,8.575
3/27/2022 10:19,C,11.081
3/27/2022 11:59,C,12.584
3/27/2022 13:39,C,14.087
3/27/2022 15:19,C,15.089
3/27/2022 16:59,C,15.089
3/27/2022 18:39,C,14.588
3/27/2022 20:19,C,14.087
3/27/2022 21:59,C,12.584
3/27/2022 23:39,C,11.582
3/28/2022 1:19,C,10.079
3/28/2022 2:59,C,9.076
3/28/2022 4:39,C,8.074
3/28/2022 6:19,C,7.572
3/28/2022 7:59,C,8.074
3/28/2022 9:39,C,9.577
3/28/2022 11:19,C,11.081
3/28/2022 12:59,C,12.584
3/28/2022 14:39,C,13.085
3/28/2022 16:19,C,12.584
3/28/2022 17:59,C,11.582
3/28/2022 19:39,C,10.079
3/28/2022 21:19,C,9.577
3/28/2022 22:59,C,9.076
3/29/2022 0:39,C,8.575
3/29/2022 2:19,C,8.074
3/29/2022 3:59,C,7.572
3/29/2022 5:39,C,7.071
3/29/2022 7:19,C,6.569
3/29/2022 8:59,C,6.068
3/29/2022 10:39,C,6.569
3/29/2022 12:19,C,6.569
3/29/2022 13:59,C,6.569
3/29/2022 15:39,C,7.071
3/29/2022 17:19,C,7.071
3/29/2022 18:59,C,7.071
3/29/2022 20:39,C,6.569
3/29/2022 22:19,C,6.569
3/29/2022 23:59,C,6.569
3/30/2022 1:39,C,6.569
3/30/2022 3:19,C,6.068
3/30/2022 4:59,C,6.068
3/30/2022 6:39,C,6.068
3/30/2022 8:19,C,7.071
3/30/2022 9:59,C,8.074
3/30/2022 11:39,C,9.076
3/30/2022 13:19,C,10.079
3/30/2022 14:59,C,10.58
3/30/2022 16:39,C,11.081
3/30/2022 18:19,C,11.081
3/30/2022 19:59,C,10.58
3/30/2022 21:39,C,10.079
3/30/2022 23:19,C,9.076
3/31/2022 0:59,C,8.575
3/31/2022 2:39,C,8.074
3/31/2022 4:19,C,8.074
3/31/2022 5:59,C,7.071
3/31/2022 7:39,C,7.071
3/31/2022 9:19,C,9.076
3/31/2022 10:59,C,10.58
3/31/2022 12:39,C,11.081
3/31/2022 14:19,C,12.083
3/31/2022 15:59,C,12.584
3/31/2022 17:39,C,12.584
3/31/2022 19:19,C,11.582
3/31/2022 20:59,C,11.081
3/31/2022 22:39,C,9.577
4/1/2022 0:19,C,9.076
4/1/2022 1:59,C,8.074
4/1/2022 3:39,C,7.071
4/1/2022 5:19,C,6.068
4/1/2022 6:59,C,5.566
4/1/2022 8:39,C,7.572
4/1/2022 10:19,C,9.577
4/1/2022 11:59,C,11.081
4/1/2022 13:39,C,12.083
4/1/2022 15:19,C,13.085
4/1/2022 16:59,C,13.586
4/1/2022 18:39,C,13.586
4/1/2022 20:19,C,13.085
4/1/2022 21:59,C,12.083
4/1/2022 23:39,C,10.58
4/2/2022 1:19,C,9.577
4/2/2022 2:59,C,8.575
4/2/2022 4:39,C,7.572
4/2/2022 6:19,C,6.569
4/2/2022 7:59,C,7.572
4/2/2022 9:39,C,10.079
4/2/2022 11:19,C,11.582
4/2/2022 12:59,C,13.085
4/2/2022 14:39,C,14.087
4/2/2022 16:19,C,14.087
4/2/2022 17:59,C,14.087
4/2/2022 19:39,C,13.586
4/2/2022 21:19,C,12.584
4/2/2022 22:59,C,12.083
4/3/2022 0:39,C,11.081
4/3/2022 2:19,C,10.079
4/3/2022 3:59,C,9.577
4/3/2022 5:39,C,8.074
4/3/2022 7:19,C,7.572
4/3/2022 8:59,C,9.577
4/3/2022 10:39,C,11.081
4/3/2022 12:19,C,12.083
4/3/2022 13:59,C,13.085
4/3/2022 15:39,C,13.586
4/3/2022 17:19,C,14.087
4/3/2022 18:59,C,13.586
4/3/2022 20:39,C,12.584
4/3/2022 22:19,C,12.083
4/3/2022 23:59,C,11.582
4/4/2022 1:39,C,10.58
4/4/2022 3:19,C,9.076
4/4/2022 4:59,C,8.575
4/4/2022 6:39,C,7.572
4/4/2022 8:19,C,9.076
4/4/2022 9:59,C,10.58
4/4/2022 11:39,C,12.083
4/4/2022 13:19,C,13.586
4/4/2022 14:59,C,14.588
4/4/2022 16:39,C,14.588
4/4/2022 18:19,C,15.089
4/4/2022 19:59,C,14.087
4/4/2022 21:39,C,13.586
4/4/2022 23:19,C,12.584
4/5/2022 0:59,C,12.083
4/5/2022 2:39,C,11.582
4/5/2022 4:19,C,11.081
4/5/2022 5:59,C,10.58
4/5/2022 7:39,C,10.58
4/5/2022 9:19,C,12.083
4/5/2022 10:59,C,14.087
4/5/2022 12:39,C,15.59
4/5/2022 14:19,C,17.092
4/5/2022 15:59,C,17.593
4/5/2022 17:39,C,17.593
4/5/2022 19:19,C,17.092
4/5/2022 20:59,C,16.09
4/5/2022 22:39,C,14.588
4/6/2022 0:19,C,13.586
4/6/2022 1:59,C,12.083
4/6/2022 3:39,C,11.081
4/6/2022 5:19,C,9.577
4/6/2022 6:59,C,8.575
4/6/2022 8:39,C,10.079
4/6/2022 10:19,C,11.081
4/6/2022 11:59,C,12.584
4/6/2022 13:39,C,13.586
4/6/2022 15:19,C,14.087
4/6/2022 16:59,C,14.087
4/6/2022 18:39,C,13.586
4/6/2022 20:19,C,13.085
4/6/2022 21:59,C,12.584
4/6/2022 23:39,C,11.582
4/7/2022 1:19,C,11.081
4/7/2022 2:59,C,10.079
4/7/2022 4:39,C,9.076
4/7/2022 6:19,C,8.575
4/7/2022 7:59,C,9.577
4/7/2022 9:39,C,10.58
4/7/2022 11:19,C,11.582
4/7/2022 12:59,C,12.584
4/7/2022 14:39,C,13.586
4/7/2022 16:19,C,14.087
4/7/2022 17:59,C,14.087
4/7/2022 19:39,C,13.586
4/7/2022 21:19,C,13.085
4/7/2022 22:59,C,13.085
4/8/2022 0:39,C,12.083
4/8/2022 2:19,C,11.582
4/8/2022 3:59,C,11.582
4/8/2022 5:39,C,10.58
4/8/2022 7:19,C,10.079
4/8/2022 8:59,C,12.083
4/8/2022 10:39,C,13.085
4/8/2022 12:19,C,14.087
4/8/2022 13:59,C,15.089
4/8/2022 15:39,C,15.59
4/8/2022 17:19,C,16.09
4/8/2022 18:59,C,16.09
4/8/2022 20:39,C,14.588
4/8/2022 22:19,C,13.085
4/8/2022 23:59,C,11.582
4/9/2022 1:39,C,10.079
4/9/2022 3:19,C,8.575
4/9/2022 4:59,C,7.572
4/9/2022 6:39,C,7.071
4/9/2022 8:19,C,8.074
4/9/2022 9:59,C,11.081
4/9/2022 11:39,C,13.085
4/9/2022 13:19,C,14.588
4/9/2022 14:59,C,15.59
4/9/2022 16:39,C,15.59
4/9/2022 18:19,C,15.59
4/9/2022 19:59,C,15.089
4/9/2022 21:39,C,15.089
4/9/2022 23:19,C,14.588
4/10/2022 0:59,C,14.087
4/10/2022 2:39,C,13.586
4/10/2022 4:19,C,13.085
4/10/2022 5:59,C,12.584
4/10/2022 7:39,C,12.083
4/10/2022 9:19,C,13.085
4/10/2022 10:59,C,14.087
4/10/2022 12:39,C,15.089
4/10/2022 14:19,C,16.09
4/10/2022 15:59,C,16.09
4/10/2022 17:39,C,16.09
4/10/2022 19:19,C,15.089
4/10/2022 20:59,C,14.588
4/10/2022 22:39,C,14.087
4/11/2022 0:19,C,13.085
4/11/2022 1:59,C,12.083
4/11/2022 3:39,C,10.58
4/11/2022 5:19,C,9.577
4/11/2022 6:59,C,9.577
4/11/2022 8:39,C,10.58
4/11/2022 10:19,C,11.582
4/11/2022 11:59,C,12.584
4/11/2022 13:39,C,13.586
4/11/2022 15:19,C,14.087
4/11/2022 16:59,C,14.087
4/11/2022 18:39,C,13.586
4/11/2022 20:19,C,13.085
4/11/2022 21:59,C,12.584
4/11/2022 23:39,C,12.083
4/12/2022 1:19,C,11.582
4/12/2022 2:59,C,11.081
4/12/2022 4:39,C,10.58
4/12/2022 6:19,C,10.079
4/12/2022 7:59,C,9.577
4/12/2022 9:39,C,9.577
4/12/2022 11:19,C,10.079
4/12/2022 12:59,C,10.58
4/12/2022 14:39,C,10.58
4/12/2022 16:19,C,10.58
4/12/2022 17:59,C,9.577
4/12/2022 19:39,C,8.575
4/12/2022 21:19,C,7.071
4/12/2022 22:59,C,6.068
4/13/2022 0:39,C,5.065
4/13/2022 2:19,C,4.563
4/13/2022 3:59,C,3.058
4/13/2022 5:39,C,2.556
4/13/2022 7:19,C,2.556
4/13/2022 8:59,C,4.061
4/13/2022 10:39,C,5.566
4/13/2022 12:19,C,7.071
4/13/2022 13:59,C,8.074
4/13/2022 15:39,C,9.076
4/13/2022 17:19,C,9.577
4/13/2022 18:59,C,9.076
4/13/2022 20:39,C,8.575
4/13/2022 22:19,C,7.572
4/13/2022 23:59,C,6.569
4/14/2022 1:39,C,5.566
4/14/2022 3:19,C,5.065
4/14/2022 4:59,C,4.061
4/14/2022 6:39,C,3.56
4/14/2022 8:19,C,5.566
4/14/2022 9:59,C,7.572
4/14/2022 11:39,C,9.076
4/14/2022 13:19,C,10.58
4/14/2022 14:59,C,11.582
4/14/2022 16:39,C,12.083
4/14/2022 18:19,C,12.083
4/14/2022 19:59,C,11.582
4/14/2022 21:39,C,11.081
4/14/2022 23:19,C,10.58
4/15/2022 0:59,C,10.079
4/15/2022 2:39,C,9.076
4/15/2022 4:19,C,8.575
4/15/2022 5:59,C,8.575
4/15/2022 7:39,C,8.575
4/15/2022 9:19,C,10.58
4/15/2022 10:59,C,12.083
4/15/2022 12:39,C,13.085
4/15/2022 14:19,C,14.087
4/15/2022 15:59,C,15.089
4/15/2022 17:39,C,14.588
4/15/2022 19:19,C,14.087
4/15/2022 20:59,C,13.586
4/15/2022 22:39,C,13.085
4/16/2022 0:19,C,12.083
4/16/2022 1:59,C,11.081
4/16/2022 3:39,C,10.079
4/16/2022 5:19,C,9.076
4/16/2022 6:59,C,8.575
4/16/2022 8:39,C,10.58
4/16/2022 10:19,C,12.083
4/16/2022 11:59,C,13.586
4/16/2022 13:39,C,14.588
4/16/2022 15:19,C,15.089
4/16/2022 16:59,C,15.089
4/16/2022 18:39,C,15.089
4/16/2022 20:19,C,14.087
4/16/2022 21:59,C,13.586
4/16/2022 23:39,C,12.584
4/17/2022 1:19,C,12.083
4/17/2022 2:59,C,10.58
4/17/2022 4:39,C,9.076
4/17/2022 6:19,C,7.572
4/17/2022 7:59,C,9.076
4/17/2022 9:39,C,10.58
4/17/2022 11:19,C,12.584
4/17/2022 12:59,C,14.588
4/17/2022 14:39,C,16.09
4/17/2022 16:19,C,16.591
4/17/2022 17:59,C,16.591
4/17/2022 19:39,C,16.09
4/17/2022 21:19,C,14.588
4/17/2022 22:59,C,13.085
4/18/2022 0:39,C,11.582
4/18/2022 2:19,C,10.079
4/18/2022 3:59,C,8.575
4/18/2022 5:39,C,7.572
4/18/2022 7:19,C,7.572
4/18/2022 8:59,C,10.079
4/18/2022 10:39,C,12.584
4/18/2022 12:19,C,14.588
4/18/2022 13:59,C,15.59
4/18/2022 15:39,C,16.591
4/18/2022 17:19,C,16.591
4/18/2022 18:59,C,16.09
4/18/2022 20:39,C,15.59
4/18/2022 22:19,C,15.089
4/18/2022 23:59,C,14.087
4/19/2022 1:39,C,13.586
4/19/2022 3:19,C,13.586
4/19/2022 4:59,C,13.085
4/19/2022 6:39,C,13.085
4/19/2022 8:19,C,15.089
4/19/2022 9:59,C,15.59
4/19/2022 11:39,C,16.591
4/19/2022 13:19,C,17.593
4/19/2022 14:59,C,18.093
4/19/2022 16:39,C,17.593
4/19/2022 18:19,C,17.593
4/19/2022 19:59,C,17.092
4/19/2022 21:39,C,16.591
4/19/2022 23:19,C,16.09
4/20/2022 0:59,C,15.59
4/20/2022 2:39,C,15.089
4/20/2022 4:19,C,14.087
4/20/2022 5:59,C,13.085
4/20/2022 7:39,C,13.085
4/20/2022 9:19,C,14.588
4/20/2022 10:59,C,15.59
4/20/2022 12:39,C,16.591
4/20/2022 14:19,C,17.593
4/20/2022 15:59,C,17.593
4/20/2022 17:39,C,17.593
4/20/2022 19:19,C,17.092
4/20/2022 20:59,C,16.09
4/20/2022 22:39,C,15.089
4/21/2022 0:19,C,14.087
4/21/2022 1:59,C,13.085
4/21/2022 3:39,C,12.083
4/21/2022 5:19,C,12.083
4/21/2022 6:59,C,12.083
4/21/2022 8:39,C,13.586
4/21/2022 10:19,C,14.588
4/21/2022 11:59,C,15.59
4/21/2022 13:39,C,16.591
4/21/2022 15:19,C,17.092
4/21/2022 16:59,C,17.092
4/21/2022 18:39,C,17.092
4/21/2022 20:19,C,16.09
4/21/2022 21:59,C,16.09
4/21/2022 23:39,C,15.089
4/22/2022 1:19,C,15.089
4/22/2022 2:59,C,14.588
4/22/2022 4:39,C,14.087
4/22/2022 6:19,C,13.586
4/22/2022 7:59,C,12.584
4/22/2022 9:39,C,12.083
4/22/2022 11:19,C,13.085
4/22/2022 12:59,C,13.085
4/22/2022 14:39,C,12.584
4/22/2022 16:19,C,12.083
4/22/2022 17:59,C,12.083
4/22/2022 19:39,C,10.58
4/22/2022 21:19,C,9.577
4/22/2022 22:59,C,9.076
4/23/2022 0:39,C,8.074
4/23/2022 2:19,C,7.071
4/23/2022 3:59,C,6.068
4/23/2022 5:39,C,6.068
4/23/2022 7:19,C,6.569
4/23/2022 8:59,C,8.074
4/23/2022 10:39,C,9.076
4/23/2022 12:19,C,10.58
4/23/2022 13:59,C,11.582
4/23/2022 15:39,C,12.083
4/23/2022 17:19,C,12.584
4/23/2022 18:59,C,12.083
4/23/2022 20:39,C,11.081
4/23/2022 22:19,C,10.58
4/23/2022 23:59,C,9.076
4/24/2022 1:39,C,8.074
4/24/2022 3:19,C,6.569
4/24/2022 4:59,C,5.566
4/24/2022 6:39,C,4.563
4/24/2022 8:19,C,7.071
4/24/2022 9:59,C,7.572
4/24/2022 11:39,C,9.076
4/24/2022 13:19,C,10.58
4/24/2022 14:59,C,11.582
4/24/2022 16:39,C,12.083
4/24/2022 18:19,C,12.083
4/24/2022 19:59,C,11.081
4/24/2022 21:39,C,10.58
4/24/2022 23:19,C,9.076
4/25/2022 0:59,C,7.572
4/25/2022 2:39,C,6.569
4/25/2022 4:19,C,6.569
4/25/2022 5:59,C,7.071
4/25/2022 7:39,C,7.572
4/25/2022 9:19,C,9.076
4/25/2022 10:59,C,10.079
4/25/2022 12:39,C,11.582
4/25/2022 14:19,C,12.584
4/25/2022 15:59,C,13.586
4/25/2022 17:39,C,14.087
4/25/2022 19:19,C,13.586
4/25/2022 20:59,C,12.584
4/25/2022 22:39,C,11.582
4/26/2022 0:19,C,10.079
4/26/2022 1:59,C,9.076
4/26/2022 3:39,C,8.074
4/26/2022 5:19,C,7.071
4/26/2022 6:59,C,6.569
4/26/2022 8:39,C,9.076
4/26/2022 10:19,C,11.081
4/26/2022 11:59,C,13.085
4/26/2022 13:39,C,14.087
4/26/2022 15:19,C,14.588
4/26/2022 16:59,C,15.59
4/26/2022 18:39,C,15.59
4/26/2022 20:19,C,14.588
4/26/2022 21:59,C,14.087
4/26/2022 23:39,C,13.085
4/27/2022 1:19,C,11.582
4/27/2022 2:59,C,10.58
4/27/2022 4:39,C,9.076
4/27/2022 6:19,C,8.074
4/27/2022 7:59,C,10.58
4/27/2022 9:39,C,11.582
4/27/2022 11:19,C,13.586
4/27/2022 12:59,C,14.588
4/27/2022 14:39,C,15.59
4/27/2022 16:19,C,16.09
4/27/2022 17:59,C,16.09
4/27/2022 19:39,C,15.59
4/27/2022 21:19,C,14.588
4/27/2022 22:59,C,13.085
4/28/2022 0:39,C,11.582
4/28/2022 2:19,C,11.081
4/28/2022 3:59,C,10.079
4/28/2022 5:39,C,9.577
4/28/2022 7:19,C,9.076
4/28/2022 8:59,C,11.582
4/28/2022 10:39,C,13.085
4/28/2022 12:19,C,14.588
4/28/2022 13:59,C,15.59
4/28/2022 15:39,C,16.09
4/28/2022 17:19,C,16.09
4/28/2022 18:59,C,15.59
4/28/2022 20:39,C,15.089
4/28/2022 22:19,C,14.588
4/28/2022 23:59,C,13.586
4/29/2022 1:39,C,12.584
4/29/2022 3:19,C,12.083
4/29/2022 4:59,C,11.081
4/29/2022 6:39,C,11.081
4/29/2022 8:19,C,12.584
4/29/2022 9:59,C,13.586
4/29/2022 11:39,C,15.089
4/29/2022 13:19,C,16.09
4/29/2022 14:59,C,17.092
4/29/2022 16:39,C,17.593
4/29/2022 18:19,C,17.092
4/29/2022 19:59,C,16.591
4/29/2022 21:39,C,16.09
4/29/2022 23:19,C,14.588
4/30/2022 0:59,C,12.584
4/30/2022 2:39,C,11.081
4/30/2022 4:19,C,9.577
4/30/2022 5:59,C,8.074
4/30/2022 7:39,C,8.575
4/30/2022 9:19,C,11.081
4/30/2022 10:59,C,13.085
4/30/2022 12:39,C,14.588
4/30/2022 14:19,C,15.59
4/30/2022 15:59,C,16.591
4/30/2022 17:39,C,17.092
4/30/2022 19:19,C,16.591
4/30/2022 20:59,C,16.09
4/30/2022 22:39,C,14.588
5/1/2022 0:19,C,13.085
5/1/2022 1:59,C,11.582
5/1/2022 3:39,C,10.58
5/1/2022 5:19,C,9.577
5/1/2022 6:59,C,9.076
5/1/2022 8:39,C,11.582
5/1/2022 10:19,C,13.085
5/1/2022 11:59,C,14.588
5/1/2022 13:39,C,16.09
5/1/2022 15:19,C,16.591
5/1/2022 16:59,C,17.092
5/1/2022 18:39,C,16.591
5/1/2022 20:19,C,16.09
5/1/2022 21:59,C,15.59
5/1/2022 23:39,C,15.089
5/2/2022 1:19,C,14.087
5/2/2022 2:59,C,13.085
5/2/2022 4:39,C,12.083
5/2/2022 6:19,C,11.081
5/2/2022 7:59,C,12.083
5/2/2022 9:39,C,13.586
5/2/2022 11:19,C,15.089
5/2/2022 12:59,C,16.09
5/2/2022 14:39,C,17.092
5/2/2022 16:19,C,17.593
5/2/2022 17:59,C,17.593
5/2/2022 19:39,C,17.092
5/2/2022 21:19,C,16.591
5/2/2022 22:59,C,16.09
5/3/2022 0:39,C,15.59
5/3/2022 2:19,C,15.089
5/3/2022 3:59,C,14.588
5/3/2022 5:39,C,13.586
5/3/2022 7:19,C,13.586
5/3/2022 8:59,C,14.087
5/3/2022 10:39,C,15.089
5/3/2022 12:19,C,16.591
5/3/2022 13:59,C,17.092
5/3/2022 15:39,C,17.593
5/3/2022 17:19,C,17.593
5/3/2022 18:59,C,17.092
5/3/2022 20:39,C,16.09
5/3/2022 22:19,C,15.089
5/3/2022 23:59,C,14.087
5/4/2022 1:39,C,13.085
5/4/2022 3:19,C,12.083
5/4/2022 4:59,C,10.079
5/4/2022 6:39,C,9.076
5/4/2022 8:19,C,10.58
5/4/2022 9:59,C,11.582
5/4/2022 11:39,C,13.085
5/4/2022 13:19,C,14.087
5/4/2022 14:59,C,15.089
5/4/2022 16:39,C,15.59
5/4/2022 18:19,C,15.59
5/4/2022 19:59,C,15.089
5/4/2022 21:39,C,14.087
5/4/2022 23:19,C,12.584
5/5/2022 0:59,C,11.081
5/5/2022 2:39,C,10.079
5/5/2022 4:19,C,8.575
5/5/2022 5:59,C,7.572
5/5/2022 7:39,C,8.575
5/5/2022 9:19,C,10.58
5/5/2022 10:59,C,12.584
5/5/2022 12:39,C,15.089
5/5/2022 14:19,C,16.591
5/5/2022 15:59,C,17.092
5/5/2022 17:39,C,17.593
5/5/2022 19:19,C,17.092
5/5/2022 20:59,C,16.591
5/5/2022 22:39,C,15.59
5/6/2022 0:19,C,14.588
5/6/2022 1:59,C,13.586
5/6/2022 3:39,C,12.584
5/6/2022 5:19,C,11.582
5/6/2022 6:59,C,11.081
5/6/2022 8:39,C,13.085
5/6/2022 10:19,C,15.089
5/6/2022 11:59,C,16.591
5/6/2022 13:39,C,18.093
5/6/2022 15:19,C,19.094
5/6/2022 16:59,C,19.595
5/6/2022 18:39,C,19.094
5/6/2022 20:19,C,18.594
5/6/2022 21:59,C,18.093
5/6/2022 23:39,C,17.092
5/7/2022 1:19,C,16.09
5/7/2022 2:59,C,15.089
5/7/2022 4:39,C,14.087
5/7/2022 6:19,C,14.588
5/7/2022 7:59,C,14.588
5/7/2022 9:39,C,15.59
5/7/2022 11:19,C,17.092
5/7/2022 12:59,C,18.594
5/7/2022 14:39,C,19.595
5/7/2022 16:19,C,20.095
5/7/2022 17:59,C,19.595
5/7/2022 19:39,C,19.094
5/7/2022 21:19,C,18.594
5/7/2022 22:59,C,18.093
5/8/2022 0:39,C,18.093
5/8/2022 2:19,C,17.092
5/8/2022 3:59,C,16.591
5/8/2022 5:39,C,15.59
5/8/2022 7:19,C,15.089
5/8/2022 8:59,C,16.09
5/8/2022 10:39,C,17.092
5/8/2022 12:19,C,18.093
5/8/2022 13:59,C,18.594
5/8/2022 15:39,C,19.094
5/8/2022 17:19,C,18.594
5/8/2022 18:59,C,18.093
5/8/2022 20:39,C,17.593
5/8/2022 22:19,C,17.092
5/8/2022 23:59,C,16.591
5/9/2022 1:39,C,15.59
5/9/2022 3:19,C,15.089
5/9/2022 4:59,C,14.087
5/9/2022 6:39,C,13.586
5/9/2022 8:19,C,13.586
5/9/2022 9:59,C,14.588
5/9/2022 11:39,C,15.59
5/9/2022 13:19,C,16.591
5/9/2022 14:59,C,17.092
5/9/2022 16:39,C,17.092
5/9/2022 18:19,C,17.092
5/9/2022 19:59,C,16.09
5/9/2022 21:39,C,15.59
5/9/2022 23:19,C,15.089
5/10/2022 0:59,C,14.588
5/10/2022 2:39,C,14.087
5/10/2022 4:19,C,13.085
5/10/2022 5:59,C,12.584
5/10/2022 7:39,C,12.584
5/10/2022 9:19,C,19.094
5/10/2022 10:59,C,21.096
5/10/2022 12:39,C,21.596
5/10/2022 14:19,C,22.097
5/10/2022 15:59,C,22.597
5/10/2022 17:39,C,22.097
5/10/2022 19:19,C,21.596
5/10/2022 20:59,C,21.096
5/10/2022 22:39,C,21.096
5/11/2022 0:19,C,20.596
5/11/2022 1:59,C,20.095
5/11/2022 3:39,C,19.595
5/11/2022 5:19,C,19.094
5/11/2022 6:59,C,18.594
5/11/2022 8:39,C,19.595
5/11/2022 10:19,C,21.096
5/11/2022 11:59,C,21.096
5/11/2022 13:39,C,21.596
5/11/2022 15:19,C,22.097
5/11/2022 16:59,C,21.596
5/11/2022 18:39,C,21.096
5/11/2022 20:19,C,20.596
5/11/2022 21:59,C,20.095
5/11/2022 23:39,C,19.595
5/12/2022 1:19,C,18.594
5/12/2022 2:59,C,18.093
5/12/2022 4:39,C,17.092
5/12/2022 6:19,C,16.591
5/12/2022 7:59,C,17.092
5/12/2022 9:39,C,18.093
5/12/2022 11:19,C,18.594
5/12/2022 12:59,C,19.595
5/12/2022 14:39,C,20.596
5/12/2022 16:19,C,21.096
5/12/2022 17:59,C,21.596
5/12/2022 19:39,C,21.596
5/12/2022 21:19,C,21.096
5/12/2022 22:59,C,21.096
5/13/2022 0:39,C,20.596
5/13/2022 2:19,C,20.095
5/13/2022 3:59,C,19.595
5/13/2022 5:39,C,19.094
5/13/2022 7:19,C,19.094
5/13/2022 8:59,C,19.595
5/13/2022 10:39,C,20.095
5/13/2022 12:19,C,20.596
5/13/2022 13:59,C,21.596
5/13/2022 15:39,C,22.097
5/13/2022 17:19,C,22.097
5/13/2022 18:59,C,22.097
5/13/2022 20:39,C,22.097
5/13/2022 22:19,C,21.596
5/13/2022 23:59,C,20.596
5/14/2022 1:39,C,20.095
5/14/2022 3:19,C,19.094
5/14/2022 4:59,C,18.093
5/14/2022 6:39,C,17.593
5/14/2022 8:19,C,18.093
5/14/2022 9:59,C,19.094
5/14/2022 11:39,C,20.095
5/14/2022 13:19,C,21.096
5/14/2022 14:59,C,22.097
5/14/2022 16:39,C,22.597
5/14/2022 18:19,C,23.097
5/14/2022 19:59,C,23.097
5/14/2022 21:39,C,22.597
5/14/2022 23:19,C,21.596
5/15/2022 0:59,C,21.096
5/15/2022 2:39,C,20.095
5/15/2022 4:19,C,19.094
5/15/2022 5:59,C,18.594
5/15/2022 7:39,C,18.594
5/15/2022 9:19,C,19.595
5/15/2022 10:59,C,20.596
5/15/2022 12:39,C,21.596
5/15/2022 14:19,C,22.597
5/15/2022 15:59,C,23.097
5/15/2022 17:39,C,23.097
5/15/2022 19:19,C,23.597
5/15/2022 20:59,C,23.097
5/15/2022 22:39,C,23.097
5/16/2022 0:19,C,22.597
5/16/2022 1:59,C,22.097
5/16/2022 3:39,C,21.596
5/16/2022 5:19,C,20.596
5/16/2022 6:59,C,20.095
5/16/2022 8:39,C,21.096
5/16/2022 10:19,C,22.097
5/16/2022 11:59,C,23.097
5/16/2022 13:39,C,23.597
5/16/2022 15:19,C,24.097
5/16/2022 16:59,C,24.097
5/16/2022 18:39,C,24.097
5/16/2022 20:19,C,24.097
5/16/2022 21:59,C,24.097
5/16/2022 23:39,C,23.097
5/17/2022 1:19,C,22.097
5/17/2022 2:59,C,21.096
5/17/2022 4:39,C,20.095
5/17/2022 6:19,C,19.595
5/17/2022 7:59,C,20.095
5/17/2022 9:39,C,21.096
5/17/2022 11:19,C,22.097
5/17/2022 12:59,C,22.597
